{
    "Lahaul and Spiti_HP": [
        "Kangra_HP",
        "Kargil_LA",
        "Kinnaur_HP",
        "Leh_LA",
        "Kullu_HP",
        "Chamba_HP",
        "Kishtwar_JK"
    ],
    "Kinnaur_HP": [
        "Kullu_HP",
        "Lahaul and Spiti_HP",
        "Uttarkashi_UT",
        "Shimla_HP"
    ],
    "Kullu_HP": [
        "Kangra_HP",
        "Kinnaur_HP",
        "Mandi_HP",
        "Shimla_HP",
        "Lahaul and Spiti_HP"
    ],
    "Chamba_HP": [
        "Kangra_HP",
        "Pathankot_PB",
        "Doda_JK",
        "Kishtwar_JK",
        "Lahaul and Spiti_HP",
        "Kathua_JK"
    ],
    "Kangra_HP": [
        "Pathankot_PB",
        "Una_HP",
        "Mandi_HP",
        "Kullu_HP",
        "Gurdaspur_PB",
        "Chamba_HP",
        "Lahaul and Spiti_HP",
        "Hoshiarpur_PB",
        "Hamirpur_HP"
    ],
    "Leh_LA": [
        "Lahaul and Spiti_HP",
        "Kargil_LA"
    ],
    "Kargil_LA": [
        "Ganderbal_JK",
        "Anantnag_JK",
        "Leh_LA",
        "Bandipora_JK",
        "Kishtwar_JK",
        "Lahaul and Spiti_HP"
    ],
    "Kishtwar_JK": [
        "Kargil_LA",
        "Anantnag_JK",
        "Doda_JK",
        "Chamba_HP",
        "Lahaul and Spiti_HP"
    ],
    "Shimla_HP": [
        "Sirmaur_HP",
        "Dehradun_UT",
        "Uttarkashi_UT",
        "Kinnaur_HP",
        "Mandi_HP",
        "Kullu_HP",
        "Solan_HP"
    ],
    "Uttarkashi_UT": [
        "Chamoli_UT",
        "Dehradun_UT",
        "Kinnaur_HP",
        "Tehri Garhwal_UT",
        "Rudraprayag_UT",
        "Shimla_HP"
    ],
    "Mandi_HP": [
        "Kangra_HP",
        "Shimla_HP",
        "Kullu_HP",
        "Solan_HP",
        "Bilaspur_HP",
        "Hamirpur_HP"
    ],
    "Kathua_JK": [
        "Pathankot_PB",
        "Doda_JK",
        "Chamba_HP",
        "Samba_JK",
        "Udhampur_JK"
    ],
    "Pathankot_PB": [
        "Kathua_JK",
        "Kangra_HP",
        "Gurdaspur_PB",
        "Chamba_HP"
    ],
    "Doda_JK": [
        "Anantnag_JK",
        "Ramban_JK",
        "Chamba_HP",
        "Kishtwar_JK",
        "Kathua_JK",
        "Udhampur_JK"
    ],
    "Una_HP": [
        "Kangra_HP",
        "Rupnagar_PB",
        "Bilaspur_HP",
        "Hamirpur_HP",
        "Hoshiarpur_PB"
    ],
    "Hamirpur_HP": [
        "Kangra_HP",
        "Una_HP",
        "Bilaspur_HP",
        "Mandi_HP"
    ],
    "Gurdaspur_PB": [
        "Kangra_HP",
        "Pathankot_PB",
        "Amritsar_PB",
        "Kapurthala_PB",
        "Hoshiarpur_PB"
    ],
    "Hoshiarpur_PB": [
        "Jalandhar_PB",
        "Kangra_HP",
        "Una_HP",
        "Kapurthala_PB",
        "Gurdaspur_PB",
        "Rupnagar_PB",
        "Shahid Bhagat Singh Nagar_PB"
    ],
    "Bilaspur_HP": [
        "Una_HP",
        "Mandi_HP",
        "Rupnagar_PB",
        "Solan_HP",
        "Hamirpur_HP"
    ],
    "Rupnagar_PB": [
        "Fatehgarh Sahib_PB",
        "Una_HP",
        "Ludhiana_PB",
        "Solan_HP",
        "Bilaspur_HP",
        "S.A.S. Nagar_PB",
        "Hoshiarpur_PB",
        "Shahid Bhagat Singh Nagar_PB"
    ],
    "Solan_HP": [
        "Sirmaur_HP",
        "Panchkula_HR",
        "Shimla_HP",
        "Mandi_HP",
        "Rupnagar_PB",
        "Bilaspur_HP",
        "S.A.S. Nagar_PB"
    ],
    "Sirmaur_HP": [
        "Dehradun_UT",
        "Panchkula_HR",
        "Yamunanagar_HR",
        "Saharanpur_UP",
        "Shimla_HP",
        "Ambala_HR",
        "Solan_HP"
    ],
    "Panchkula_HR": [
        "Sirmaur_HP",
        "Chandigarh_CH",
        "Ambala_HR",
        "Solan_HP",
        "S.A.S. Nagar_PB"
    ],
    "S.A.S. Nagar_PB": [
        "Fatehgarh Sahib_PB",
        "Panchkula_HR",
        "Patiala_PB",
        "Chandigarh_CH",
        "Ambala_HR",
        "Rupnagar_PB",
        "Solan_HP"
    ],
    "Dehradun_UT": [
        "Sirmaur_HP",
        "Uttarkashi_UT",
        "Tehri Garhwal_UT",
        "Shimla_HP",
        "Saharanpur_UP",
        "Pauri Garhwal_UT",
        "Haridwar_UT"
    ],
    "Ambala_HR": [
        "Sirmaur_HP",
        "Panchkula_HR",
        "Patiala_PB",
        "Yamunanagar_HR",
        "Kurukshetra_HR",
        "S.A.S. Nagar_PB"
    ],
    "Saharanpur_UP": [
        "Sirmaur_HP",
        "Dehradun_UT",
        "Karnal_HR",
        "Yamunanagar_HR",
        "Shamli_UP",
        "Muzaffarnagar_UP",
        "Haridwar_UT"
    ],
    "Yamunanagar_HR": [
        "Sirmaur_HP",
        "Karnal_HR",
        "Saharanpur_UP",
        "Kurukshetra_HR",
        "Ambala_HR"
    ],
    "Chamoli_UT": [
        "Bageshwar_UT",
        "Uttarkashi_UT",
        "Rudraprayag_UT",
        "Almora_UT",
        "Pauri Garhwal_UT",
        "Pithoragarh_UT"
    ],
    "Rudraprayag_UT": [
        "Chamoli_UT",
        "Pauri Garhwal_UT",
        "Uttarkashi_UT",
        "Tehri Garhwal_UT"
    ],
    "Tehri Garhwal_UT": [
        "Pauri Garhwal_UT",
        "Uttarkashi_UT",
        "Rudraprayag_UT",
        "Dehradun_UT"
    ],
    "Pithoragarh_UT": [
        "Bageshwar_UT",
        "Chamoli_UT",
        "Almora_UT",
        "Champawat_UT"
    ],
    "Bageshwar_UT": [
        "Almora_UT",
        "Chamoli_UT",
        "Pithoragarh_UT"
    ],
    "Almora_UT": [
        "Chamoli_UT",
        "Bageshwar_UT",
        "Nainital_UT",
        "Pauri Garhwal_UT",
        "Pithoragarh_UT",
        "Champawat_UT"
    ],
    "Pauri Garhwal_UT": [
        "Chamoli_UT",
        "Dehradun_UT",
        "Bijnor_UP",
        "Tehri Garhwal_UT",
        "Nainital_UT",
        "Rudraprayag_UT",
        "Almora_UT",
        "Haridwar_UT"
    ],
    "Champawat_UT": [
        "Almora_UT",
        "Pithoragarh_UT",
        "Udham Singh Nagar_UT",
        "Nainital_UT"
    ],
    "Nainital_UT": [
        "Bijnor_UP",
        "Udham Singh Nagar_UT",
        "Almora_UT",
        "Pauri Garhwal_UT",
        "Champawat_UT"
    ],
    "Udham Singh Nagar_UT": [
        "Rampur_UP",
        "Champawat_UT",
        "Bijnor_UP",
        "Moradabad_UP",
        "Nainital_UT",
        "Bareilly_UP",
        "Pilibhit_UP"
    ],
    "Bijnor_UP": [
        "Udham Singh Nagar_UT",
        "Moradabad_UP",
        "Nainital_UT",
        "Pauri Garhwal_UT",
        "Muzaffarnagar_UP",
        "Haridwar_UT",
        "Amroha_UP",
        "Meerut_UP"
    ],
    "Bareilly_UP": [
        "Rampur_UP",
        "Shahjahanpur_UP",
        "Budaun_UP",
        "Udham Singh Nagar_UT",
        "Pilibhit_UP"
    ],
    "Moradabad_UP": [
        "Rampur_UP",
        "Budaun_UP",
        "Bijnor_UP",
        "Udham Singh Nagar_UT",
        "Sambhal_UP",
        "Amroha_UP"
    ],
    "Rampur_UP": [
        "Bareilly_UP",
        "Budaun_UP",
        "Udham Singh Nagar_UT",
        "Moradabad_UP"
    ],
    "Pilibhit_UP": [
        "Bareilly_UP",
        "Shahjahanpur_UP",
        "Udham Singh Nagar_UT",
        "Lakhimpur Kheri_UP"
    ],
    "Haridwar_UT": [
        "Dehradun_UT",
        "Bijnor_UP",
        "Saharanpur_UP",
        "Pauri Garhwal_UT",
        "Muzaffarnagar_UP"
    ],
    "Muzaffarnagar_UP": [
        "Bijnor_UP",
        "Saharanpur_UP",
        "Shamli_UP",
        "Baghpat_UP",
        "Meerut_UP",
        "Haridwar_UT"
    ],
    "Nilgiris_TN": [
        "Palakkad_KL",
        "Malappuram_KL",
        "Wayanad_KL",
        "Erode_TN",
        "Coimbatore_TN",
        "Chamarajanagara_KA"
    ],
    "Coimbatore_TN": [
        "Nilgiris_TN",
        "Palakkad_KL",
        "Thrissur_KL",
        "Tiruppur_TN",
        "Erode_TN",
        "Ernakulam_KL",
        "Idukki_KL"
    ],
    "Erode_TN": [
        "Nilgiris_TN",
        "Salem_TN",
        "Karur_TN",
        "Tiruppur_TN",
        "Namakkal_TN",
        "Coimbatore_TN",
        "Dharmapuri_TN",
        "Chamarajanagara_KA"
    ],
    "Palakkad_KL": [
        "Coimbatore_TN",
        "Nilgiris_TN",
        "Malappuram_KL",
        "Thrissur_KL"
    ],
    "Malappuram_KL": [
        "Palakkad_KL",
        "Nilgiris_TN",
        "Kozhikode_KL",
        "Wayanad_KL",
        "Thrissur_KL"
    ],
    "Wayanad_KL": [
        "Kannur_KL",
        "Malappuram_KL",
        "Nilgiris_TN",
        "Chamarajanagara_KA",
        "Kozhikode_KL",
        "Mysuru_KA",
        "Kodagu_KA"
    ],
    "Chamarajanagara_KA": [
        "Nilgiris_TN",
        "Salem_TN",
        "Ramanagara_KA",
        "Wayanad_KL",
        "Erode_TN",
        "Krishnagiri_TN",
        "Mandya_KA",
        "Dharmapuri_TN",
        "Mysuru_KA"
    ],
    "Jalpaiguri_WB": [
        "Alipurduar_WB",
        "Kalimpong_WB",
        "Cooch Behar_WB",
        "Darjeeling_WB"
    ],
    "Cooch Behar_WB": [
        "Alipurduar_WB",
        "Assam_AS",
        "Jalpaiguri_WB"
    ],
    "Darjeeling_WB": [
        "Jalpaiguri_WB",
        "Uttar Dinajpur_WB",
        "Kishanganj_BR",
        "Sikkim_SK",
        "Kalimpong_WB"
    ],
    "Alipurduar_WB": [
        "Assam_AS",
        "Cooch Behar_WB",
        "Jalpaiguri_WB"
    ],
    "Kalimpong_WB": [
        "Jalpaiguri_WB",
        "Sikkim_SK",
        "Darjeeling_WB"
    ],
    "Madhubani_BR": [
        "Darbhanga_BR",
        "Saharsa_BR",
        "Supaul_BR",
        "Sitamarhi_BR"
    ],
    "Saharsa_BR": [
        "Madhepura_BR",
        "Madhubani_BR",
        "Samastipur_BR",
        "Darbhanga_BR",
        "Supaul_BR",
        "Khagaria_BR"
    ],
    "Darbhanga_BR": [
        "Saharsa_BR",
        "Madhubani_BR",
        "Samastipur_BR",
        "Muzaffarpur_BR",
        "Sitamarhi_BR"
    ],
    "Supaul_BR": [
        "Madhepura_BR",
        "Saharsa_BR",
        "Araria_BR",
        "Madhubani_BR"
    ],
    "Sitamarhi_BR": [
        "East Champaran_BR",
        "Madhubani_BR",
        "Darbhanga_BR",
        "Muzaffarpur_BR",
        "Sheohar_BR"
    ],
    "Madhepura_BR": [
        "Saharsa_BR",
        "Purnia_BR",
        "Araria_BR",
        "Supaul_BR",
        "Khagaria_BR",
        "Bhagalpur_BR"
    ],
    "Khagaria_BR": [
        "Madhepura_BR",
        "Munger_BR",
        "Saharsa_BR",
        "Samastipur_BR",
        "Begusarai_BR",
        "Bhagalpur_BR"
    ],
    "Samastipur_BR": [
        "Saharsa_BR",
        "Patna_BR",
        "Darbhanga_BR",
        "Muzaffarpur_BR",
        "Vaishali_BR",
        "Khagaria_BR",
        "Begusarai_BR"
    ],
    "Muzaffarpur_BR": [
        "East Champaran_BR",
        "Saran_BR",
        "Samastipur_BR",
        "Darbhanga_BR",
        "Vaishali_BR",
        "Sheohar_BR",
        "Sitamarhi_BR",
        "Gopalganj_BR"
    ],
    "Araria_BR": [
        "Madhepura_BR",
        "Kishanganj_BR",
        "Supaul_BR",
        "Purnia_BR"
    ],
    "East Champaran_BR": [
        "West Champaran_BR",
        "Muzaffarpur_BR",
        "Sitamarhi_BR",
        "Sheohar_BR",
        "Gopalganj_BR"
    ],
    "Sheohar_BR": [
        "East Champaran_BR",
        "Muzaffarpur_BR",
        "Sitamarhi_BR"
    ],
    "West Champaran_BR": [
        "East Champaran_BR",
        "Gopalganj_BR",
        "Maharajganj_UP",
        "Kushinagar_UP"
    ],
    "Gopalganj_BR": [
        "Deoria_UP",
        "East Champaran_BR",
        "Saran_BR",
        "West Champaran_BR",
        "Muzaffarpur_BR",
        "Kushinagar_UP",
        "Siwan_BR"
    ],
    "Anantnag_JK": [
        "Kargil_LA",
        "Ganderbal_JK",
        "Pulwama_JK",
        "Doda_JK",
        "Kulgam_JK",
        "Ramban_JK",
        "Srinagar_JK",
        "Shopiyan_JK",
        "Kishtwar_JK"
    ],
    "Bandipora_JK": [
        "Kupwara_JK",
        "Kargil_LA",
        "Ganderbal_JK",
        "Srinagar_JK",
        "Baramulla_JK"
    ],
    "Ganderbal_JK": [
        "Anantnag_JK",
        "Bandipora_JK",
        "Srinagar_JK",
        "Kargil_LA"
    ],
    "Assam_AS": [
        "Namsai_AR",
        "Papum Pare_AR",
        "Cooch Behar_WB",
        "Lakhimpur Kheri_UP",
        "West Kameng_AR",
        "North Garo Hills_ML",
        "Pakke Kessang_AR",
        "Aizawl_MZ",
        "Wokha_NL",
        "Mon_NL",
        "Lower Dibang Valley_AR",
        "Mokokchung_NL",
        "Tirap_AR",
        "West Khasi Hills_ML",
        "Longleng_NL",
        "Manipur_MN",
        "Assam_AS",
        "Lower Siang_AR",
        "Kamle_AR",
        "North Tripura_TR",
        "South West Garo Hills_ML",
        "East Jaintia Hills_ML",
        "Peren_NL",
        "Mamit_MZ",
        "Kohima_NL",
        "Ribhoi_ML",
        "Changlang_AR",
        "West Jaintia Hills_ML",
        "Lohit_AR",
        "Dimapur_NL",
        "Kolasib_MZ",
        "East Siang_AR",
        "Alipurduar_WB",
        "Longding_AR",
        "West Garo Hills_ML"
    ],
    "Dakshin Dinajpur_WB": [
        "Uttar Dinajpur_WB",
        "Malda_WB"
    ],
    "Uttar Dinajpur_WB": [
        "Purnia_BR",
        "Dakshin Dinajpur_WB",
        "Katihar_BR",
        "Kishanganj_BR",
        "Malda_WB",
        "Darjeeling_WB"
    ],
    "Malda_WB": [
        "Sahibganj_JH",
        "Dakshin Dinajpur_WB",
        "Katihar_BR",
        "Uttar Dinajpur_WB",
        "Murshidabad_WB"
    ],
    "Kishanganj_BR": [
        "Araria_BR",
        "Uttar Dinajpur_WB",
        "Purnia_BR",
        "Darjeeling_WB"
    ],
    "Sikkim_SK": [
        "Darjeeling_WB",
        "Kalimpong_WB",
        "Sikkim_SK"
    ],
    "Purnia_BR": [
        "Madhepura_BR",
        "Araria_BR",
        "Katihar_BR",
        "Uttar Dinajpur_WB",
        "Kishanganj_BR",
        "Bhagalpur_BR"
    ],
    "Katihar_BR": [
        "Purnia_BR",
        "Sahibganj_JH",
        "Uttar Dinajpur_WB",
        "Malda_WB",
        "Bhagalpur_BR"
    ],
    "Ribhoi_ML": [
        "West Jaintia Hills_ML",
        "West Khasi Hills_ML",
        "East Khasi Hills_ML",
        "Assam_AS"
    ],
    "West Khasi Hills_ML": [
        "South West Khasi Hills_ML",
        "Ribhoi_ML",
        "East Garo Hills_ML",
        "South Garo Hills_ML",
        "East Khasi Hills_ML",
        "North Garo Hills_ML",
        "Assam_AS"
    ],
    "North Garo Hills_ML": [
        "West Garo Hills_ML",
        "West Khasi Hills_ML",
        "East Garo Hills_ML",
        "Assam_AS"
    ],
    "Murshidabad_WB": [
        "Pakur_JH",
        "Sahibganj_JH",
        "Nadia_WB",
        "Purba Bardhaman_WB",
        "Birbhum_WB",
        "Malda_WB"
    ],
    "Sahibganj_JH": [
        "Pakur_JH",
        "Godda_JH",
        "Katihar_BR",
        "Murshidabad_WB",
        "Malda_WB",
        "Bhagalpur_BR"
    ],
    "Bhagalpur_BR": [
        "Madhepura_BR",
        "Munger_BR",
        "Godda_JH",
        "Purnia_BR",
        "Sahibganj_JH",
        "Banka_BR",
        "Katihar_BR",
        "Khagaria_BR"
    ],
    "Barmer_RJ": [
        "Kutch_GJ",
        "Jodhpur_RJ",
        "Pali_RJ",
        "Jaisalmer_RJ",
        "Jalore_RJ"
    ],
    "Jalore_RJ": [
        "Kutch_GJ",
        "Sirohi_RJ",
        "Banaskantha_GJ",
        "Barmer_RJ",
        "Pali_RJ"
    ],
    "Jodhpur_RJ": [
        "Bikaner_RJ",
        "Barmer_RJ",
        "Nagaur_RJ",
        "Pali_RJ",
        "Jaisalmer_RJ"
    ],
    "Pali_RJ": [
        "Jalore_RJ",
        "Jodhpur_RJ",
        "Sirohi_RJ",
        "Nagaur_RJ",
        "Barmer_RJ",
        "Ajmer_RJ",
        "Udaipur_RJ",
        "Rajsamand_RJ"
    ],
    "Jaisalmer_RJ": [
        "Jodhpur_RJ",
        "Barmer_RJ",
        "Bikaner_RJ"
    ],
    "Kutch_GJ": [
        "Surendranagar_GJ",
        "Patan_GJ",
        "Banaskantha_GJ",
        "Morbi_GJ",
        "Barmer_RJ",
        "Jalore_RJ"
    ],
    "Sirohi_RJ": [
        "Banaskantha_GJ",
        "Sabarkantha_GJ",
        "Pali_RJ",
        "Udaipur_RJ",
        "Jalore_RJ"
    ],
    "Banaskantha_GJ": [
        "Mehsana_GJ",
        "Kutch_GJ",
        "Sirohi_RJ",
        "Patan_GJ",
        "Sabarkantha_GJ",
        "Jalore_RJ"
    ],
    "Bikaner_RJ": [
        "Jodhpur_RJ",
        "Ganganagar_RJ",
        "Hanumangarh_RJ",
        "Churu_RJ",
        "Nagaur_RJ",
        "Jaisalmer_RJ"
    ],
    "Nagaur_RJ": [
        "Jodhpur_RJ",
        "Jaipur_RJ",
        "Sikar_RJ",
        "Bikaner_RJ",
        "Churu_RJ",
        "Pali_RJ",
        "Ajmer_RJ"
    ],
    "Ajmer_RJ": [
        "Jaipur_RJ",
        "Tonk_RJ",
        "Nagaur_RJ",
        "Bhilwara_RJ",
        "Pali_RJ",
        "Rajsamand_RJ"
    ],
    "Rajsamand_RJ": [
        "Chittorgarh_RJ",
        "Bhilwara_RJ",
        "Pali_RJ",
        "Ajmer_RJ",
        "Udaipur_RJ"
    ],
    "Udaipur_RJ": [
        "Aravalli_GJ",
        "Chittorgarh_RJ",
        "Dungarpur_RJ",
        "Sirohi_RJ",
        "Sabarkantha_GJ",
        "Pali_RJ",
        "Pratapgarh_RJ",
        "Rajsamand_RJ"
    ],
    "Unnao_UP": [
        "Rae Bareli_UP",
        "Lucknow_UP",
        "Hardoi_UP",
        "Kanpur Nagar_UP",
        "Fatehpur_UP"
    ],
    "Hardoi_UP": [
        "Unnao_UP",
        "Shahjahanpur_UP",
        "Lakhimpur Kheri_UP",
        "Lucknow_UP",
        "Kanpur Nagar_UP",
        "Farrukhabad_UP",
        "Kannauj_UP",
        "Sitapur_UP"
    ],
    "Lucknow_UP": [
        "Unnao_UP",
        "Rae Bareli_UP",
        "Barabanki_UP",
        "Hardoi_UP",
        "Sitapur_UP"
    ],
    "Kanpur Nagar_UP": [
        "Unnao_UP",
        "Hamirpur_UP",
        "Hardoi_UP",
        "Fatehpur_UP",
        "Kannauj_UP",
        "Kanpur Dehat_UP"
    ],
    "Fatehpur_UP": [
        "Unnao_UP",
        "Hamirpur_UP",
        "Rae Bareli_UP",
        "Pratapgarh_UP",
        "Banda_UP",
        "Kanpur Nagar_UP",
        "Kaushambi_UP",
        "Chitrakoot_UP"
    ],
    "Rae Bareli_UP": [
        "Unnao_UP",
        "Lucknow_UP",
        "Pratapgarh_UP",
        "Barabanki_UP",
        "Kaushambi_UP",
        "Fatehpur_UP",
        "Amethi_UP"
    ],
    "Kanyakumari_TN": [
        "Thiruvananthapuram_KL",
        "Tirunelveli_TN"
    ],
    "Tirunelveli_TN": [
        "Kanyakumari_TN",
        "Thiruvananthapuram_KL",
        "Kollam_KL",
        "Pathanamthitta_KL",
        "Virudhunagar_TN",
        "Thoothukkudi_TN",
        "Idukki_KL"
    ],
    "Thiruvananthapuram_KL": [
        "Kollam_KL",
        "Tirunelveli_TN",
        "Kanyakumari_TN"
    ],
    "Virudhunagar_TN": [
        "Theni_TN",
        "Ramanathapuram_TN",
        "Madurai_TN",
        "Tirunelveli_TN",
        "Thoothukkudi_TN",
        "Sivaganga_TN",
        "Idukki_KL"
    ],
    "Idukki_KL": [
        "Theni_TN",
        "Pathanamthitta_KL",
        "Dindigul_TN",
        "Tirunelveli_TN",
        "Tiruppur_TN",
        "Kottayam_KL",
        "Ernakulam_KL",
        "Coimbatore_TN",
        "Virudhunagar_TN"
    ],
    "Thoothukkudi_TN": [
        "Ramanathapuram_TN",
        "Virudhunagar_TN",
        "Tirunelveli_TN"
    ],
    "Kollam_KL": [
        "Alappuzha_KL",
        "Pathanamthitta_KL",
        "Thiruvananthapuram_KL",
        "Tirunelveli_TN"
    ],
    "Pathanamthitta_KL": [
        "Kollam_KL",
        "Tirunelveli_TN",
        "Kottayam_KL",
        "Alappuzha_KL",
        "Idukki_KL"
    ],
    "Pudukkottai_TN": [
        "Sivaganga_TN",
        "Tiruchirappalli_TN",
        "Ramanathapuram_TN",
        "Thanjavur_TN"
    ],
    "Sivaganga_TN": [
        "Pudukkottai_TN",
        "Ramanathapuram_TN",
        "Tiruchirappalli_TN",
        "Madurai_TN",
        "Virudhunagar_TN"
    ],
    "Tiruchirappalli_TN": [
        "Pudukkottai_TN",
        "Salem_TN",
        "Madurai_TN",
        "Karur_TN",
        "Dindigul_TN",
        "Sivaganga_TN",
        "Ariyalur_TN",
        "Thanjavur_TN",
        "Namakkal_TN",
        "Perambalur_TN"
    ],
    "Thanjavur_TN": [
        "Pudukkottai_TN",
        "Thiruvarur_TN",
        "Tiruchirappalli_TN",
        "Cuddalore_TN",
        "Ariyalur_TN",
        "Nagapattinam_TN"
    ],
    "Ramanathapuram_TN": [
        "Sivaganga_TN",
        "Pudukkottai_TN",
        "Virudhunagar_TN",
        "Thoothukkudi_TN"
    ],
    "Madurai_TN": [
        "Theni_TN",
        "Tiruchirappalli_TN",
        "Dindigul_TN",
        "Sivaganga_TN",
        "Virudhunagar_TN"
    ],
    "Theni_TN": [
        "Idukki_KL",
        "Madurai_TN",
        "Dindigul_TN",
        "Virudhunagar_TN"
    ],
    "Dindigul_TN": [
        "Theni_TN",
        "Tiruchirappalli_TN",
        "Madurai_TN",
        "Karur_TN",
        "Tiruppur_TN",
        "Idukki_KL"
    ],
    "Karur_TN": [
        "Tiruchirappalli_TN",
        "Dindigul_TN",
        "Tiruppur_TN",
        "Erode_TN",
        "Namakkal_TN"
    ],
    "Tiruppur_TN": [
        "Dindigul_TN",
        "Karur_TN",
        "Erode_TN",
        "Coimbatore_TN",
        "Idukki_KL"
    ],
    "Ernakulam_KL": [
        "Thrissur_KL",
        "Kottayam_KL",
        "Coimbatore_TN",
        "Alappuzha_KL",
        "Idukki_KL"
    ],
    "Kottayam_KL": [
        "Alappuzha_KL",
        "Pathanamthitta_KL",
        "Idukki_KL",
        "Ernakulam_KL"
    ],
    "Thrissur_KL": [
        "Coimbatore_TN",
        "Palakkad_KL",
        "Malappuram_KL",
        "Ernakulam_KL"
    ],
    "Namakkal_TN": [
        "Erode_TN",
        "Tiruchirappalli_TN",
        "Karur_TN",
        "Salem_TN"
    ],
    "Salem_TN": [
        "Kallakurichi_TN",
        "Tiruchirappalli_TN",
        "Erode_TN",
        "Namakkal_TN",
        "Dharmapuri_TN",
        "Perambalur_TN",
        "Chamarajanagara_KA"
    ],
    "Dharmapuri_TN": [
        "Kallakurichi_TN",
        "Chamarajanagara_KA",
        "Salem_TN",
        "Erode_TN",
        "Krishnagiri_TN",
        "Tiruvannamalai_TN"
    ],
    "Perambalur_TN": [
        "Kallakurichi_TN",
        "Salem_TN",
        "Tiruchirappalli_TN",
        "Cuddalore_TN",
        "Ariyalur_TN"
    ],
    "Kallakurichi_TN": [
        "Salem_TN",
        "Viluppuram_TN",
        "Cuddalore_TN",
        "Dharmapuri_TN",
        "Perambalur_TN",
        "Tiruvannamalai_TN"
    ],
    "Ariyalur_TN": [
        "Cuddalore_TN",
        "Perambalur_TN",
        "Tiruchirappalli_TN",
        "Thanjavur_TN"
    ],
    "Tiruvannamalai_TN": [
        "Kallakurichi_TN",
        "Kancheepuram_TN",
        "Viluppuram_TN",
        "Krishnagiri_TN",
        "Vellore_TN",
        "Dharmapuri_TN"
    ],
    "Krishnagiri_TN": [
        "Bengaluru Rural_KA",
        "Chittoor_AP",
        "Ramanagara_KA",
        "Tiruvannamalai_TN",
        "Bengaluru Urban_KA",
        "Vellore_TN",
        "Dharmapuri_TN",
        "Chamarajanagara_KA",
        "Kolar_KA"
    ],
    "Cuddalore_TN": [
        "Kallakurichi_TN",
        "Puducherry_PY",
        "Viluppuram_TN",
        "Ariyalur_TN",
        "Thanjavur_TN",
        "Perambalur_TN",
        "Nagapattinam_TN"
    ],
    "Nagapattinam_TN": [
        "Thiruvarur_TN",
        "Karaikal_PY",
        "Cuddalore_TN",
        "Thanjavur_TN"
    ],
    "Viluppuram_TN": [
        "Kallakurichi_TN",
        "Kancheepuram_TN",
        "Puducherry_PY",
        "Cuddalore_TN",
        "Tiruvannamalai_TN"
    ],
    "Puducherry_PY": [
        "Cuddalore_TN",
        "Viluppuram_TN"
    ],
    "Kancheepuram_TN": [
        "Chennai_TN",
        "Viluppuram_TN",
        "Vellore_TN",
        "Thiruvallur_TN",
        "Tiruvannamalai_TN"
    ],
    "Thiruvallur_TN": [
        "Chennai_TN",
        "Kancheepuram_TN",
        "S.P.S. Nellore_AP",
        "Vellore_TN",
        "Chittoor_AP"
    ],
    "Vellore_TN": [
        "Kancheepuram_TN",
        "Krishnagiri_TN",
        "Thiruvallur_TN",
        "Tiruvannamalai_TN",
        "Chittoor_AP"
    ],
    "Chennai_TN": [
        "Kancheepuram_TN",
        "Thiruvallur_TN"
    ],
    "Karaikal_PY": [
        "Thiruvarur_TN",
        "Nagapattinam_TN"
    ],
    "Thiruvarur_TN": [
        "Karaikal_PY",
        "Nagapattinam_TN",
        "Thanjavur_TN"
    ],
    "S.P.S. Nellore_AP": [
        "Prakasam_AP",
        "Thiruvallur_TN",
        "Y.S.R. Kadapa_AP",
        "Chittoor_AP"
    ],
    "Chittoor_AP": [
        "Chikkaballapura_KA",
        "Anantapur_AP",
        "Y.S.R. Kadapa_AP",
        "Krishnagiri_TN",
        "Vellore_TN",
        "S.P.S. Nellore_AP",
        "Thiruvallur_TN",
        "Kolar_KA"
    ],
    "Delhi_DL": [
        "Jhajjar_HR",
        "Ghaziabad_UP",
        "Gautam Buddha Nagar_UP",
        "Faridabad_HR",
        "Delhi_DL",
        "Baghpat_UP",
        "Gurugram_HR",
        "Sonipat_HR"
    ],
    "Gautam Buddha Nagar_UP": [
        "Palwal_HR",
        "Ghaziabad_UP",
        "Aligarh_UP",
        "Hapur_UP",
        "Faridabad_HR",
        "Delhi_DL",
        "Bulandshahr_UP"
    ],
    "Ghaziabad_UP": [
        "Hapur_UP",
        "Gautam Buddha Nagar_UP",
        "Delhi_DL",
        "Baghpat_UP",
        "Meerut_UP"
    ],
    "Sonipat_HR": [
        "Rohtak_HR",
        "Jhajjar_HR",
        "Jind_HR",
        "Panipat_HR",
        "Delhi_DL",
        "Baghpat_UP"
    ],
    "Baghpat_UP": [
        "Ghaziabad_UP",
        "Panipat_HR",
        "Shamli_UP",
        "Delhi_DL",
        "Muzaffarnagar_UP",
        "Meerut_UP",
        "Sonipat_HR"
    ],
    "Jhajjar_HR": [
        "Charkhi Dadri_HR",
        "Rewari_HR",
        "Rohtak_HR",
        "Mahendragarh_HR",
        "Delhi_DL",
        "Gurugram_HR",
        "Sonipat_HR"
    ],
    "Gurugram_HR": [
        "Rewari_HR",
        "Palwal_HR",
        "Nuh_HR",
        "Jhajjar_HR",
        "Faridabad_HR",
        "Delhi_DL"
    ],
    "Faridabad_HR": [
        "Palwal_HR",
        "Gautam Buddha Nagar_UP",
        "Gurugram_HR",
        "Delhi_DL"
    ],
    "Kurukshetra_HR": [
        "Kaithal_HR",
        "Karnal_HR",
        "Patiala_PB",
        "Yamunanagar_HR",
        "Ambala_HR"
    ],
    "Patiala_PB": [
        "Fatehgarh Sahib_PB",
        "Kaithal_HR",
        "Jind_HR",
        "Sangrur_PB",
        "Kurukshetra_HR",
        "Ambala_HR",
        "S.A.S. Nagar_PB"
    ],
    "Chandigarh_CH": [
        "Panchkula_HR",
        "S.A.S. Nagar_PB"
    ],
    "Karnal_HR": [
        "Kaithal_HR",
        "Jind_HR",
        "Panipat_HR",
        "Yamunanagar_HR",
        "Saharanpur_UP",
        "Shamli_UP",
        "Kurukshetra_HR"
    ],
    "Kaithal_HR": [
        "Kurukshetra_HR",
        "Patiala_PB",
        "Jind_HR",
        "Karnal_HR"
    ],
    "Panipat_HR": [
        "Karnal_HR",
        "Jind_HR",
        "Shamli_UP",
        "Baghpat_UP",
        "Sonipat_HR"
    ],
    "Jind_HR": [
        "Rohtak_HR",
        "Fatehabad_HR",
        "Karnal_HR",
        "Kaithal_HR",
        "Patiala_PB",
        "Hisar_HR",
        "Panipat_HR",
        "Sangrur_PB",
        "Sonipat_HR"
    ],
    "Shamli_UP": [
        "Karnal_HR",
        "Panipat_HR",
        "Saharanpur_UP",
        "Baghpat_UP",
        "Muzaffarnagar_UP"
    ],
    "Rohtak_HR": [
        "Charkhi Dadri_HR",
        "Jhajjar_HR",
        "Jind_HR",
        "Hisar_HR",
        "Bhiwani_HR",
        "Sonipat_HR"
    ],
    "Hisar_HR": [
        "Rohtak_HR",
        "Fatehabad_HR",
        "Jind_HR",
        "Hanumangarh_RJ",
        "Bhiwani_HR"
    ],
    "Fatehabad_HR": [
        "Jind_HR",
        "Hisar_HR",
        "Sangrur_PB",
        "Mansa_PB",
        "Hanumangarh_RJ",
        "Sirsa_HR"
    ],
    "Sangrur_PB": [
        "Barnala_PB",
        "Fatehgarh Sahib_PB",
        "Fatehabad_HR",
        "Patiala_PB",
        "Jind_HR",
        "Mansa_PB",
        "Ludhiana_PB"
    ],
    "Bhiwani_HR": [
        "Charkhi Dadri_HR",
        "Rohtak_HR",
        "Mahendragarh_HR",
        "Hisar_HR",
        "Hanumangarh_RJ",
        "Churu_RJ",
        "Jhunjhunu_RJ"
    ],
    "Hanumangarh_RJ": [
        "Fatehabad_HR",
        "Ganganagar_RJ",
        "Fazilka_PB",
        "Hisar_HR",
        "Sirsa_HR",
        "Bikaner_RJ",
        "Sri Muktsar Sahib_PB",
        "Churu_RJ",
        "Bhiwani_HR"
    ],
    "Sirsa_HR": [
        "Fatehabad_HR",
        "Mansa_PB",
        "Hanumangarh_RJ",
        "Bathinda_PB",
        "Sri Muktsar Sahib_PB"
    ],
    "Mansa_PB": [
        "Barnala_PB",
        "Fatehabad_HR",
        "Sangrur_PB",
        "Sirsa_HR",
        "Bathinda_PB"
    ],
    "Bathinda_PB": [
        "Barnala_PB",
        "Moga_PB",
        "Mansa_PB",
        "Sirsa_HR",
        "Sri Muktsar Sahib_PB",
        "Faridkot_PB"
    ],
    "Sri Muktsar Sahib_PB": [
        "Fazilka_PB",
        "Hanumangarh_RJ",
        "Sirsa_HR",
        "Bathinda_PB",
        "Ferozepur_PB",
        "Faridkot_PB"
    ],
    "Charkhi Dadri_HR": [
        "Bhiwani_HR",
        "Mahendragarh_HR",
        "Rohtak_HR",
        "Jhajjar_HR"
    ],
    "Mahendragarh_HR": [
        "Charkhi Dadri_HR",
        "Rewari_HR",
        "Jhajjar_HR",
        "Alwar_RJ",
        "Jaipur_RJ",
        "Sikar_RJ",
        "Bhiwani_HR",
        "Jhunjhunu_RJ"
    ],
    "Rewari_HR": [
        "Nuh_HR",
        "Jhajjar_HR",
        "Mahendragarh_HR",
        "Alwar_RJ",
        "Gurugram_HR"
    ],
    "Churu_RJ": [
        "Sikar_RJ",
        "Hanumangarh_RJ",
        "Bikaner_RJ",
        "Bhiwani_HR",
        "Nagaur_RJ",
        "Jhunjhunu_RJ"
    ],
    "Jhunjhunu_RJ": [
        "Sikar_RJ",
        "Mahendragarh_HR",
        "Bhiwani_HR",
        "Churu_RJ"
    ],
    "Sikar_RJ": [
        "Mahendragarh_HR",
        "Jaipur_RJ",
        "Churu_RJ",
        "Nagaur_RJ",
        "Jhunjhunu_RJ"
    ],
    "Alwar_RJ": [
        "Rewari_HR",
        "Nuh_HR",
        "Dausa_RJ",
        "Mahendragarh_HR",
        "Jaipur_RJ",
        "Bharatpur_RJ"
    ],
    "Jaipur_RJ": [
        "Dausa_RJ",
        "Mahendragarh_HR",
        "Alwar_RJ",
        "Sikar_RJ",
        "Tonk_RJ",
        "Nagaur_RJ",
        "Ajmer_RJ"
    ],
    "Nuh_HR": [
        "Rewari_HR",
        "Palwal_HR",
        "Alwar_RJ",
        "Bharatpur_RJ",
        "Mathura_UP",
        "Gurugram_HR"
    ],
    "Palwal_HR": [
        "Nuh_HR",
        "Aligarh_UP",
        "Gautam Buddha Nagar_UP",
        "Faridabad_HR",
        "Mathura_UP",
        "Gurugram_HR"
    ],
    "Udhampur_JK": [
        "Reasi_JK",
        "Doda_JK",
        "Jammu_JK",
        "Ramban_JK",
        "Samba_JK",
        "Kathua_JK"
    ],
    "Jammu_JK": [
        "Reasi_JK",
        "Rajouri_JK",
        "Udhampur_JK",
        "Samba_JK"
    ],
    "Reasi_JK": [
        "Punch_JK",
        "Kulgam_JK",
        "Ramban_JK",
        "Jammu_JK",
        "Rajouri_JK",
        "Udhampur_JK"
    ],
    "Samba_JK": [
        "Kathua_JK",
        "Udhampur_JK",
        "Jammu_JK"
    ],
    "Ramban_JK": [
        "Anantnag_JK",
        "Reasi_JK",
        "Kulgam_JK",
        "Doda_JK",
        "Udhampur_JK"
    ],
    "Rajouri_JK": [
        "Jammu_JK",
        "Reasi_JK",
        "Punch_JK",
        "Kulgam_JK"
    ],
    "Punch_JK": [
        "Budgam_JK",
        "Reasi_JK",
        "Kulgam_JK",
        "Baramulla_JK",
        "Rajouri_JK"
    ],
    "Kulgam_JK": [
        "Budgam_JK",
        "Anantnag_JK",
        "Punch_JK",
        "Reasi_JK",
        "Ramban_JK",
        "Shopiyan_JK",
        "Rajouri_JK"
    ],
    "Budgam_JK": [
        "Punch_JK",
        "Pulwama_JK",
        "Kulgam_JK",
        "Srinagar_JK",
        "Baramulla_JK",
        "Shopiyan_JK"
    ],
    "Baramulla_JK": [
        "Kupwara_JK",
        "Budgam_JK",
        "Punch_JK",
        "Bandipora_JK",
        "Srinagar_JK"
    ],
    "Pulwama_JK": [
        "Anantnag_JK",
        "Srinagar_JK",
        "Shopiyan_JK",
        "Budgam_JK"
    ],
    "Srinagar_JK": [
        "Budgam_JK",
        "Anantnag_JK",
        "Pulwama_JK",
        "Ganderbal_JK",
        "Bandipora_JK",
        "Baramulla_JK"
    ],
    "Shopiyan_JK": [
        "Anantnag_JK",
        "Pulwama_JK",
        "Kulgam_JK",
        "Budgam_JK"
    ],
    "Kupwara_JK": [
        "Bandipora_JK",
        "Baramulla_JK"
    ],
    "Fatehgarh Sahib_PB": [
        "Patiala_PB",
        "Sangrur_PB",
        "Ludhiana_PB",
        "Rupnagar_PB",
        "S.A.S. Nagar_PB"
    ],
    "Ludhiana_PB": [
        "Jalandhar_PB",
        "Barnala_PB",
        "Fatehgarh Sahib_PB",
        "Moga_PB",
        "Sangrur_PB",
        "Rupnagar_PB",
        "Shahid Bhagat Singh Nagar_PB"
    ],
    "Moga_PB": [
        "Jalandhar_PB",
        "Barnala_PB",
        "Bathinda_PB",
        "Ferozepur_PB",
        "Ludhiana_PB",
        "Faridkot_PB"
    ],
    "Jalandhar_PB": [
        "Moga_PB",
        "Kapurthala_PB",
        "Ferozepur_PB",
        "Ludhiana_PB",
        "Hoshiarpur_PB",
        "Shahid Bhagat Singh Nagar_PB"
    ],
    "Shahid Bhagat Singh Nagar_PB": [
        "Jalandhar_PB",
        "Kapurthala_PB",
        "Rupnagar_PB",
        "Ludhiana_PB",
        "Hoshiarpur_PB"
    ],
    "Barnala_PB": [
        "Moga_PB",
        "Sangrur_PB",
        "Mansa_PB",
        "Bathinda_PB",
        "Ludhiana_PB"
    ],
    "Faridkot_PB": [
        "Bathinda_PB",
        "Moga_PB",
        "Sri Muktsar Sahib_PB",
        "Ferozepur_PB"
    ],
    "Ferozepur_PB": [
        "Jalandhar_PB",
        "Moga_PB",
        "Tarn Taran_PB",
        "Fazilka_PB",
        "Kapurthala_PB",
        "Sri Muktsar Sahib_PB",
        "Faridkot_PB"
    ],
    "Fazilka_PB": [
        "Hanumangarh_RJ",
        "Ganganagar_RJ",
        "Sri Muktsar Sahib_PB",
        "Ferozepur_PB"
    ],
    "Kapurthala_PB": [
        "Jalandhar_PB",
        "Tarn Taran_PB",
        "Amritsar_PB",
        "Gurdaspur_PB",
        "Ferozepur_PB",
        "Hoshiarpur_PB",
        "Shahid Bhagat Singh Nagar_PB"
    ],
    "Tarn Taran_PB": [
        "Amritsar_PB",
        "Kapurthala_PB",
        "Ferozepur_PB"
    ],
    "Amritsar_PB": [
        "Kapurthala_PB",
        "Tarn Taran_PB",
        "Gurdaspur_PB"
    ],
    "Ganganagar_RJ": [
        "Hanumangarh_RJ",
        "Bikaner_RJ",
        "Fazilka_PB"
    ],
    "Sabarkantha_GJ": [
        "Mehsana_GJ",
        "Aravalli_GJ",
        "Sirohi_RJ",
        "Banaskantha_GJ",
        "Gandhinagar_GJ",
        "Udaipur_RJ"
    ],
    "Tonk_RJ": [
        "Dausa_RJ",
        "Jaipur_RJ",
        "Bundi_RJ",
        "Bhilwara_RJ",
        "Ajmer_RJ",
        "Sawai Madhopur_RJ"
    ],
    "Bhilwara_RJ": [
        "Chittorgarh_RJ",
        "Bundi_RJ",
        "Tonk_RJ",
        "Ajmer_RJ",
        "Neemuch_MP",
        "Rajsamand_RJ"
    ],
    "Bharatpur_RJ": [
        "Nuh_HR",
        "Dausa_RJ",
        "Alwar_RJ",
        "Dholpur_RJ",
        "Agra_UP",
        "Karauli_RJ",
        "Mathura_UP"
    ],
    "Dausa_RJ": [
        "Alwar_RJ",
        "Jaipur_RJ",
        "Karauli_RJ",
        "Bharatpur_RJ",
        "Tonk_RJ",
        "Sawai Madhopur_RJ"
    ],
    "Dholpur_RJ": [
        "Karauli_RJ",
        "Morena_MP",
        "Bharatpur_RJ",
        "Agra_UP"
    ],
    "Karauli_RJ": [
        "Sheopur_MP",
        "Dausa_RJ",
        "Dholpur_RJ",
        "Bharatpur_RJ",
        "Morena_MP",
        "Sawai Madhopur_RJ"
    ],
    "Mathura_UP": [
        "Palwal_HR",
        "Nuh_HR",
        "Aligarh_UP",
        "Agra_UP",
        "Bharatpur_RJ",
        "Hathras_UP"
    ],
    "Agra_UP": [
        "Etah_UP",
        "Etawah_UP",
        "Firozabad_UP",
        "Dholpur_RJ",
        "Bharatpur_RJ",
        "Hathras_UP",
        "Mathura_UP",
        "Morena_MP",
        "Bhind_MP"
    ],
    "Sawai Madhopur_RJ": [
        "Kota_RJ",
        "Sheopur_MP",
        "Dausa_RJ",
        "Bundi_RJ",
        "Karauli_RJ",
        "Tonk_RJ"
    ],
    "Morena_MP": [
        "Shivpuri_MP",
        "Sheopur_MP",
        "Dholpur_RJ",
        "Agra_UP",
        "Karauli_RJ",
        "Bhind_MP",
        "Gwalior_MP"
    ],
    "Sheopur_MP": [
        "Shivpuri_MP",
        "Kota_RJ",
        "Baran_RJ",
        "Karauli_RJ",
        "Morena_MP",
        "Sawai Madhopur_RJ"
    ],
    "Kota_RJ": [
        "Jhalawar_RJ",
        "Sheopur_MP",
        "Chittorgarh_RJ",
        "Mandsaur_MP",
        "Bundi_RJ",
        "Baran_RJ",
        "Sawai Madhopur_RJ"
    ],
    "Bundi_RJ": [
        "Kota_RJ",
        "Chittorgarh_RJ",
        "Tonk_RJ",
        "Bhilwara_RJ",
        "Sawai Madhopur_RJ"
    ],
    "Baran_RJ": [
        "Shivpuri_MP",
        "Kota_RJ",
        "Jhalawar_RJ",
        "Sheopur_MP",
        "Guna_MP"
    ],
    "Jhalawar_RJ": [
        "Kota_RJ",
        "Baran_RJ",
        "Mandsaur_MP",
        "Ratlam_MP",
        "Agar Malwa_MP",
        "Rajgarh_MP",
        "Guna_MP"
    ],
    "Shivpuri_MP": [
        "Baran_RJ",
        "Sheopur_MP",
        "Lalitpur_UP",
        "Datia_MP",
        "Jhansi_UP",
        "Ashoknagar_MP",
        "Morena_MP",
        "Gwalior_MP",
        "Guna_MP"
    ],
    "Guna_MP": [
        "Shivpuri_MP",
        "Vidisha_MP",
        "Jhalawar_RJ",
        "Bhopal_MP",
        "Ashoknagar_MP",
        "Baran_RJ",
        "Rajgarh_MP"
    ],
    "Mandsaur_MP": [
        "Kota_RJ",
        "Pratapgarh_RJ",
        "Jhalawar_RJ",
        "Chittorgarh_RJ",
        "Ratlam_MP",
        "Neemuch_MP"
    ],
    "Rajgarh_MP": [
        "Jhalawar_RJ",
        "Sehore_MP",
        "Bhopal_MP",
        "Agar Malwa_MP",
        "Shajapur_MP",
        "Guna_MP"
    ],
    "Ratlam_MP": [
        "Jhalawar_RJ",
        "Mandsaur_MP",
        "Ujjain_MP",
        "Jhabua_MP",
        "Agar Malwa_MP",
        "Dhar_MP",
        "Pratapgarh_RJ",
        "Banswara_RJ"
    ],
    "Agar Malwa_MP": [
        "Jhalawar_RJ",
        "Ratlam_MP",
        "Ujjain_MP",
        "Rajgarh_MP",
        "Shajapur_MP"
    ],
    "Chittorgarh_RJ": [
        "Kota_RJ",
        "Pratapgarh_RJ",
        "Mandsaur_MP",
        "Bundi_RJ",
        "Bhilwara_RJ",
        "Neemuch_MP",
        "Udaipur_RJ",
        "Rajsamand_RJ"
    ],
    "Neemuch_MP": [
        "Chittorgarh_RJ",
        "Bhilwara_RJ",
        "Pratapgarh_RJ",
        "Mandsaur_MP"
    ],
    "Pratapgarh_RJ": [
        "Chittorgarh_RJ",
        "Dungarpur_RJ",
        "Mandsaur_MP",
        "Ratlam_MP",
        "Banswara_RJ",
        "Neemuch_MP",
        "Udaipur_RJ"
    ],
    "Banswara_RJ": [
        "Dungarpur_RJ",
        "Dahod_GJ",
        "Ratlam_MP",
        "Mahisagar_GJ",
        "Jhabua_MP",
        "Pratapgarh_RJ"
    ],
    "Dungarpur_RJ": [
        "Aravalli_GJ",
        "Mahisagar_GJ",
        "Banswara_RJ",
        "Pratapgarh_RJ",
        "Udaipur_RJ"
    ],
    "Dahod_GJ": [
        "Mahisagar_GJ",
        "Chhota Udaipur_GJ",
        "Jhabua_MP",
        "Banswara_RJ",
        "Panchmahal_GJ",
        "Alirajpur_MP"
    ],
    "Jhabua_MP": [
        "Dahod_GJ",
        "Ratlam_MP",
        "Banswara_RJ",
        "Dhar_MP",
        "Alirajpur_MP"
    ],
    "Mahisagar_GJ": [
        "Aravalli_GJ",
        "Kheda_GJ",
        "Dungarpur_RJ",
        "Dahod_GJ",
        "Banswara_RJ",
        "Panchmahal_GJ"
    ],
    "Aravalli_GJ": [
        "Kheda_GJ",
        "Dungarpur_RJ",
        "Sabarkantha_GJ",
        "Mahisagar_GJ",
        "Gandhinagar_GJ",
        "Udaipur_RJ"
    ],
    "Mehsana_GJ": [
        "Surendranagar_GJ",
        "Patan_GJ",
        "Banaskantha_GJ",
        "Sabarkantha_GJ",
        "Gandhinagar_GJ",
        "Ahmedabad_GJ"
    ],
    "Patan_GJ": [
        "Surendranagar_GJ",
        "Banaskantha_GJ",
        "Mehsana_GJ",
        "Kutch_GJ"
    ],
    "Gandhinagar_GJ": [
        "Mehsana_GJ",
        "Aravalli_GJ",
        "Kheda_GJ",
        "Sabarkantha_GJ",
        "Ahmedabad_GJ"
    ],
    "Surendranagar_GJ": [
        "Mehsana_GJ",
        "Rajkot_GJ",
        "Kutch_GJ",
        "Patan_GJ",
        "Morbi_GJ",
        "Ahmedabad_GJ",
        "Botad_GJ"
    ],
    "Ahmedabad_GJ": [
        "Mehsana_GJ",
        "Surendranagar_GJ",
        "Kheda_GJ",
        "Bhavnagar_GJ",
        "Gandhinagar_GJ",
        "Botad_GJ",
        "Anand_GJ"
    ],
    "Panchmahal_GJ": [
        "Kheda_GJ",
        "Dahod_GJ",
        "Vadodara_GJ",
        "Mahisagar_GJ",
        "Chhota Udaipur_GJ"
    ],
    "Chhota Udaipur_GJ": [
        "Narmada_GJ",
        "Dahod_GJ",
        "Vadodara_GJ",
        "Nandurbar_MH",
        "Panchmahal_GJ",
        "Alirajpur_MP"
    ],
    "Alirajpur_MP": [
        "Dahod_GJ",
        "Barwani_MP",
        "Chhota Udaipur_GJ",
        "Jhabua_MP",
        "Nandurbar_MH",
        "Dhar_MP"
    ],
    "Kheda_GJ": [
        "Aravalli_GJ",
        "Vadodara_GJ",
        "Mahisagar_GJ",
        "Gandhinagar_GJ",
        "Ahmedabad_GJ",
        "Panchmahal_GJ",
        "Anand_GJ"
    ],
    "Vadodara_GJ": [
        "Kheda_GJ",
        "Bharuch_GJ",
        "Narmada_GJ",
        "Chhota Udaipur_GJ",
        "Panchmahal_GJ",
        "Anand_GJ"
    ],
    "Anand_GJ": [
        "Ahmedabad_GJ",
        "Kheda_GJ",
        "Bharuch_GJ",
        "Vadodara_GJ"
    ],
    "Narmada_GJ": [
        "Tapi_GJ",
        "Bharuch_GJ",
        "Vadodara_GJ",
        "Chhota Udaipur_GJ",
        "Nandurbar_MH",
        "Surat_GJ"
    ],
    "Bharuch_GJ": [
        "Surat_GJ",
        "Narmada_GJ",
        "Anand_GJ",
        "Vadodara_GJ"
    ],
    "Surat_GJ": [
        "Bharuch_GJ",
        "Navsari_GJ",
        "Tapi_GJ",
        "Narmada_GJ"
    ],
    "Nandurbar_MH": [
        "Tapi_GJ",
        "Narmada_GJ",
        "Barwani_MP",
        "Chhota Udaipur_GJ",
        "Dhule_MH",
        "Alirajpur_MP"
    ],
    "Tapi_GJ": [
        "Narmada_GJ",
        "Dhule_MH",
        "Navsari_GJ",
        "Nandurbar_MH",
        "Dang_GJ",
        "Surat_GJ"
    ],
    "Navsari_GJ": [
        "Tapi_GJ",
        "Valsad_GJ",
        "Nashik_MH",
        "Dang_GJ",
        "Surat_GJ"
    ],
    "Dang_GJ": [
        "Navsari_GJ",
        "Tapi_GJ",
        "Dhule_MH",
        "Nashik_MH"
    ],
    "Dhule_MH": [
        "Tapi_GJ",
        "Jalgaon_MH",
        "Barwani_MP",
        "Nashik_MH",
        "Nandurbar_MH",
        "Dang_GJ"
    ],
    "Nashik_MH": [
        "Mumbai_MH",
        "Aurangabad_MH",
        "Dang_GJ",
        "Thane_MH",
        "Valsad_GJ",
        "Jalgaon_MH",
        "Navsari_GJ",
        "Ahmednagar_MH",
        "Dhule_MH",
        "Palghar_MH"
    ],
    "Dadra and Nagar Haveli_DN": [
        "Mumbai_MH",
        "Valsad_GJ",
        "Palghar_MH"
    ],
    "Valsad_GJ": [
        "Mumbai_MH",
        "Daman_DN",
        "Navsari_GJ",
        "Nashik_MH",
        "Dadra and Nagar Haveli_DN",
        "Palghar_MH"
    ],
    "Mumbai_MH": [
        "Thane_MH",
        "Mumbai_MH",
        "Kolhapur_MH",
        "Valsad_GJ",
        "Raigad_MH",
        "Goa_GA",
        "Ratnagiri_MH",
        "Satara_MH",
        "Sangli_MH",
        "Sindhudurg_MH",
        "Ahmednagar_MH",
        "Nashik_MH",
        "Belagavi_KA",
        "Pune_MH",
        "Dadra and Nagar Haveli_DN",
        "Palghar_MH"
    ],
    "Palghar_MH": [
        "Mumbai_MH",
        "Thane_MH",
        "Valsad_GJ",
        "Nashik_MH",
        "Dadra and Nagar Haveli_DN"
    ],
    "Daman_DN": [
        "Valsad_GJ"
    ],
    "Rajkot_GJ": [
        "Surendranagar_GJ",
        "Amreli_GJ",
        "Junagadh_GJ",
        "Morbi_GJ",
        "Porbandar_GJ",
        "Jamnagar_GJ",
        "Botad_GJ"
    ],
    "Morbi_GJ": [
        "Surendranagar_GJ",
        "Jamnagar_GJ",
        "Rajkot_GJ",
        "Kutch_GJ"
    ],
    "Botad_GJ": [
        "Surendranagar_GJ",
        "Amreli_GJ",
        "Rajkot_GJ",
        "Bhavnagar_GJ",
        "Ahmedabad_GJ"
    ],
    "Bhavnagar_GJ": [
        "Ahmedabad_GJ",
        "Amreli_GJ",
        "Botad_GJ"
    ],
    "Junagadh_GJ": [
        "Amreli_GJ",
        "Gir Somnath_GJ",
        "Rajkot_GJ",
        "Porbandar_GJ"
    ],
    "Porbandar_GJ": [
        "Devbhumi Dwarka_GJ",
        "Junagadh_GJ",
        "Jamnagar_GJ",
        "Rajkot_GJ"
    ],
    "Amreli_GJ": [
        "Gir Somnath_GJ",
        "Rajkot_GJ",
        "Bhavnagar_GJ",
        "Junagadh_GJ",
        "Botad_GJ"
    ],
    "Jamnagar_GJ": [
        "Devbhumi Dwarka_GJ",
        "Morbi_GJ",
        "Rajkot_GJ",
        "Porbandar_GJ"
    ],
    "Meerut_UP": [
        "Ghaziabad_UP",
        "Bijnor_UP",
        "Hapur_UP",
        "Baghpat_UP",
        "Muzaffarnagar_UP",
        "Amroha_UP"
    ],
    "Amroha_UP": [
        "Bijnor_UP",
        "Moradabad_UP",
        "Hapur_UP",
        "Bulandshahr_UP",
        "Sambhal_UP",
        "Meerut_UP"
    ],
    "Hapur_UP": [
        "Ghaziabad_UP",
        "Gautam Buddha Nagar_UP",
        "Bulandshahr_UP",
        "Meerut_UP",
        "Amroha_UP"
    ],
    "Aligarh_UP": [
        "Palwal_HR",
        "Kasganj_UP",
        "Budaun_UP",
        "Gautam Buddha Nagar_UP",
        "Hathras_UP",
        "Mathura_UP",
        "Bulandshahr_UP",
        "Sambhal_UP"
    ],
    "Bulandshahr_UP": [
        "Aligarh_UP",
        "Hapur_UP",
        "Gautam Buddha Nagar_UP",
        "Sambhal_UP",
        "Amroha_UP"
    ],
    "Sambhal_UP": [
        "Aligarh_UP",
        "Budaun_UP",
        "Moradabad_UP",
        "Bulandshahr_UP",
        "Amroha_UP"
    ],
    "Hathras_UP": [
        "Kasganj_UP",
        "Etah_UP",
        "Aligarh_UP",
        "Agra_UP",
        "Mathura_UP"
    ],
    "Budaun_UP": [
        "Rampur_UP",
        "Kasganj_UP",
        "Shahjahanpur_UP",
        "Aligarh_UP",
        "Moradabad_UP",
        "Bareilly_UP",
        "Farrukhabad_UP",
        "Sambhal_UP"
    ],
    "Kasganj_UP": [
        "Etah_UP",
        "Aligarh_UP",
        "Budaun_UP",
        "Farrukhabad_UP",
        "Hathras_UP"
    ],
    "Etah_UP": [
        "Kasganj_UP",
        "Firozabad_UP",
        "Agra_UP",
        "Hathras_UP",
        "Farrukhabad_UP",
        "Mainpuri_UP"
    ],
    "Shahjahanpur_UP": [
        "Lakhimpur Kheri_UP",
        "Budaun_UP",
        "Hardoi_UP",
        "Bareilly_UP",
        "Farrukhabad_UP",
        "Pilibhit_UP"
    ],
    "Firozabad_UP": [
        "Etawah_UP",
        "Mainpuri_UP",
        "Etah_UP",
        "Agra_UP"
    ],
    "Etawah_UP": [
        "Auraiya_UP",
        "Firozabad_UP",
        "Agra_UP",
        "Kannauj_UP",
        "Mainpuri_UP",
        "Bhind_MP",
        "Jalaun_UP"
    ],
    "Bhind_MP": [
        "Etawah_UP",
        "Datia_MP",
        "Agra_UP",
        "Jhansi_UP",
        "Morena_MP",
        "Gwalior_MP",
        "Jalaun_UP"
    ],
    "Farrukhabad_UP": [
        "Shahjahanpur_UP",
        "Kasganj_UP",
        "Etah_UP",
        "Budaun_UP",
        "Hardoi_UP",
        "Kannauj_UP",
        "Mainpuri_UP"
    ],
    "Mainpuri_UP": [
        "Etah_UP",
        "Etawah_UP",
        "Firozabad_UP",
        "Farrukhabad_UP",
        "Kannauj_UP"
    ],
    "Kannauj_UP": [
        "Etawah_UP",
        "Auraiya_UP",
        "Hardoi_UP",
        "Kanpur Nagar_UP",
        "Farrukhabad_UP",
        "Kanpur Dehat_UP",
        "Mainpuri_UP"
    ],
    "Lakhimpur Kheri_UP": [
        "Papum Pare_AR",
        "Shahjahanpur_UP",
        "Bahraich_UP",
        "Hardoi_UP",
        "Sitapur_UP",
        "Kamle_AR",
        "Assam_AS",
        "Pilibhit_UP"
    ],
    "Bahraich_UP": [
        "Shrawasti_UP",
        "Lakhimpur Kheri_UP",
        "Barabanki_UP",
        "Gonda_UP",
        "Sitapur_UP"
    ],
    "Shrawasti_UP": [
        "Bahraich_UP",
        "Gonda_UP",
        "Balrampur_UP"
    ],
    "Sitapur_UP": [
        "Lakhimpur Kheri_UP",
        "Lucknow_UP",
        "Bahraich_UP",
        "Barabanki_UP",
        "Hardoi_UP"
    ],
    "Barabanki_UP": [
        "Rae Bareli_UP",
        "Lucknow_UP",
        "Bahraich_UP",
        "Gonda_UP",
        "Ayodhya_UP",
        "Sitapur_UP",
        "Amethi_UP"
    ],
    "Gonda_UP": [
        "Shrawasti_UP",
        "Balrampur_UP",
        "Siddharthnagar_UP",
        "Bahraich_UP",
        "Barabanki_UP",
        "Basti_UP",
        "Ayodhya_UP"
    ],
    "Balrampur_UP": [
        "Gonda_UP",
        "Shrawasti_UP",
        "Siddharthnagar_UP"
    ],
    "Siddharthnagar_UP": [
        "Balrampur_UP",
        "Gorakhpur_UP",
        "Maharajganj_UP",
        "Basti_UP",
        "Gonda_UP",
        "Sant Kabir Nagar_UP"
    ],
    "Maharajganj_UP": [
        "Gorakhpur_UP",
        "West Champaran_BR",
        "Kushinagar_UP",
        "Siddharthnagar_UP"
    ],
    "Basti_UP": [
        "Ambedkar Nagar_UP",
        "Siddharthnagar_UP",
        "Gonda_UP",
        "Sant Kabir Nagar_UP",
        "Ayodhya_UP"
    ],
    "Gorakhpur_UP": [
        "Deoria_UP",
        "Ambedkar Nagar_UP",
        "Siddharthnagar_UP",
        "Maharajganj_UP",
        "Azamgarh_UP",
        "Sant Kabir Nagar_UP",
        "Kushinagar_UP",
        "Mau_UP"
    ],
    "Sant Kabir Nagar_UP": [
        "Gorakhpur_UP",
        "Ambedkar Nagar_UP",
        "Basti_UP",
        "Siddharthnagar_UP"
    ],
    "Kushinagar_UP": [
        "Deoria_UP",
        "West Champaran_BR",
        "Gorakhpur_UP",
        "Maharajganj_UP",
        "Gopalganj_BR"
    ],
    "Deoria_UP": [
        "Gorakhpur_UP",
        "Ballia_UP",
        "Kushinagar_UP",
        "Gopalganj_BR",
        "Mau_UP",
        "Siwan_BR"
    ],
    "Kanpur Dehat_UP": [
        "Hamirpur_UP",
        "Auraiya_UP",
        "Kanpur Nagar_UP",
        "Kannauj_UP",
        "Jalaun_UP"
    ],
    "Hamirpur_UP": [
        "Mahoba_UP",
        "Banda_UP",
        "Kanpur Nagar_UP",
        "Jhansi_UP",
        "Fatehpur_UP",
        "Kanpur Dehat_UP",
        "Jalaun_UP"
    ],
    "Auraiya_UP": [
        "Kanpur Dehat_UP",
        "Kannauj_UP",
        "Etawah_UP",
        "Jalaun_UP"
    ],
    "Jalaun_UP": [
        "Hamirpur_UP",
        "Etawah_UP",
        "Auraiya_UP",
        "Jhansi_UP",
        "Kanpur Dehat_UP",
        "Bhind_MP"
    ],
    "Jhansi_UP": [
        "Shivpuri_MP",
        "Mahoba_UP",
        "Chhatarpur_MP",
        "Hamirpur_UP",
        "Lalitpur_UP",
        "Niwari_MP",
        "Datia_MP",
        "Tikamgarh_MP",
        "Bhind_MP",
        "Jalaun_UP"
    ],
    "Lalitpur_UP": [
        "Shivpuri_MP",
        "Chhatarpur_MP",
        "Niwari_MP",
        "Sagar_MP",
        "Datia_MP",
        "Jhansi_UP",
        "Ashoknagar_MP",
        "Tikamgarh_MP"
    ],
    "Mahoba_UP": [
        "Chhatarpur_MP",
        "Hamirpur_UP",
        "Jhansi_UP",
        "Banda_UP"
    ],
    "Datia_MP": [
        "Shivpuri_MP",
        "Lalitpur_UP",
        "Jhansi_UP",
        "Bhind_MP",
        "Gwalior_MP"
    ],
    "Chhatarpur_MP": [
        "Mahoba_UP",
        "Lalitpur_UP",
        "Sagar_MP",
        "Banda_UP",
        "Jhansi_UP",
        "Panna_MP",
        "Tikamgarh_MP",
        "Damoh_MP"
    ],
    "Tikamgarh_MP": [
        "Chhatarpur_MP",
        "Niwari_MP",
        "Jhansi_UP",
        "Lalitpur_UP"
    ],
    "Niwari_MP": [
        "Tikamgarh_MP",
        "Jhansi_UP",
        "Lalitpur_UP"
    ],
    "Sagar_MP": [
        "Vidisha_MP",
        "Chhatarpur_MP",
        "Lalitpur_UP",
        "Raisen_MP",
        "Ashoknagar_MP",
        "Narsinghpur_MP",
        "Damoh_MP"
    ],
    "Ashoknagar_MP": [
        "Shivpuri_MP",
        "Vidisha_MP",
        "Lalitpur_UP",
        "Sagar_MP",
        "Guna_MP"
    ],
    "Ayodhya_UP": [
        "Ambedkar Nagar_UP",
        "Barabanki_UP",
        "Basti_UP",
        "Gonda_UP",
        "Amethi_UP",
        "Sultanpur_UP"
    ],
    "Amethi_UP": [
        "Rae Bareli_UP",
        "Barabanki_UP",
        "Pratapgarh_UP",
        "Ayodhya_UP",
        "Sultanpur_UP"
    ],
    "Ambedkar Nagar_UP": [
        "Gorakhpur_UP",
        "Basti_UP",
        "Sant Kabir Nagar_UP",
        "Azamgarh_UP",
        "Ayodhya_UP",
        "Sultanpur_UP"
    ],
    "Sultanpur_UP": [
        "Ambedkar Nagar_UP",
        "Pratapgarh_UP",
        "Jaunpur_UP",
        "Azamgarh_UP",
        "Ayodhya_UP",
        "Amethi_UP"
    ],
    "Banda_UP": [
        "Mahoba_UP",
        "Chhatarpur_MP",
        "Hamirpur_UP",
        "Satna_MP",
        "Panna_MP",
        "Fatehpur_UP",
        "Chitrakoot_UP"
    ],
    "Kaushambi_UP": [
        "Rae Bareli_UP",
        "Pratapgarh_UP",
        "Fatehpur_UP",
        "Prayagraj_UP",
        "Chitrakoot_UP"
    ],
    "Pratapgarh_UP": [
        "Rae Bareli_UP",
        "Jaunpur_UP",
        "Kaushambi_UP",
        "Fatehpur_UP",
        "Prayagraj_UP",
        "Amethi_UP",
        "Sultanpur_UP"
    ],
    "Chitrakoot_UP": [
        "Satna_MP",
        "Rewa_MP",
        "Banda_UP",
        "Kaushambi_UP",
        "Fatehpur_UP",
        "Prayagraj_UP"
    ],
    "Prayagraj_UP": [
        "Rewa_MP",
        "Pratapgarh_UP",
        "Jaunpur_UP",
        "Mirzapur_UP",
        "Kaushambi_UP",
        "Bhadohi_UP",
        "Chitrakoot_UP"
    ],
    "Jaunpur_UP": [
        "Ghazipur_UP",
        "Pratapgarh_UP",
        "Azamgarh_UP",
        "Bhadohi_UP",
        "Varanasi_UP",
        "Prayagraj_UP",
        "Sultanpur_UP"
    ],
    "Mirzapur_UP": [
        "Chandauli_UP",
        "Rewa_MP",
        "Sonbhadra_UP",
        "Singrauli_MP",
        "Bhadohi_UP",
        "Varanasi_UP",
        "Prayagraj_UP"
    ],
    "Bhadohi_UP": [
        "Varanasi_UP",
        "Mirzapur_UP",
        "Prayagraj_UP",
        "Jaunpur_UP"
    ],
    "Rewa_MP": [
        "Sidhi_MP",
        "Satna_MP",
        "Mirzapur_UP",
        "Singrauli_MP",
        "Prayagraj_UP",
        "Chitrakoot_UP"
    ],
    "Panna_MP": [
        "Chhatarpur_MP",
        "Katni_MP",
        "Satna_MP",
        "Banda_UP",
        "Damoh_MP"
    ],
    "Satna_MP": [
        "Katni_MP",
        "Sidhi_MP",
        "Chitrakoot_UP",
        "Rewa_MP",
        "Banda_UP",
        "Panna_MP",
        "Shahdol_MP",
        "Umaria_MP"
    ],
    "Azamgarh_UP": [
        "Ghazipur_UP",
        "Ambedkar Nagar_UP",
        "Gorakhpur_UP",
        "Jaunpur_UP",
        "Mau_UP",
        "Sultanpur_UP"
    ],
    "Ghazipur_UP": [
        "Chandauli_UP",
        "Kaimur_BR",
        "Buxar_BR",
        "Jaunpur_UP",
        "Ballia_UP",
        "Azamgarh_UP",
        "Varanasi_UP",
        "Mau_UP"
    ],
    "Mau_UP": [
        "Deoria_UP",
        "Ghazipur_UP",
        "Gorakhpur_UP",
        "Ballia_UP",
        "Azamgarh_UP"
    ],
    "Ballia_UP": [
        "Deoria_UP",
        "Ghazipur_UP",
        "Saran_BR",
        "Buxar_BR",
        "Bhojpur_BR",
        "Mau_UP",
        "Siwan_BR"
    ],
    "Siwan_BR": [
        "Deoria_UP",
        "Saran_BR",
        "Gopalganj_BR",
        "Ballia_UP"
    ],
    "Saran_BR": [
        "Patna_BR",
        "Ballia_UP",
        "Muzaffarpur_BR",
        "Vaishali_BR",
        "Bhojpur_BR",
        "Gopalganj_BR",
        "Siwan_BR"
    ],
    "Bhojpur_BR": [
        "Saran_BR",
        "Patna_BR",
        "Buxar_BR",
        "Ballia_UP",
        "Rohtas_BR",
        "Arwal_BR"
    ],
    "Buxar_BR": [
        "Ghazipur_UP",
        "Kaimur_BR",
        "Ballia_UP",
        "Bhojpur_BR",
        "Rohtas_BR"
    ],
    "Chandauli_UP": [
        "Ghazipur_UP",
        "Kaimur_BR",
        "Sonbhadra_UP",
        "Mirzapur_UP",
        "Varanasi_UP"
    ],
    "Varanasi_UP": [
        "Chandauli_UP",
        "Ghazipur_UP",
        "Jaunpur_UP",
        "Mirzapur_UP",
        "Bhadohi_UP"
    ],
    "Kaimur_BR": [
        "Chandauli_UP",
        "Ghazipur_UP",
        "Buxar_BR",
        "Sonbhadra_UP",
        "Rohtas_BR"
    ],
    "Sonbhadra_UP": [
        "Balrampur_CT",
        "Chandauli_UP",
        "Kaimur_BR",
        "Mirzapur_UP",
        "Singrauli_MP",
        "Rohtas_BR",
        "Garhwa_JH"
    ],
    "Singrauli_MP": [
        "Balrampur_CT",
        "Sidhi_MP",
        "Surajpur_CT",
        "Rewa_MP",
        "Koriya_CT",
        "Sonbhadra_UP",
        "Mirzapur_UP"
    ],
    "Rohtas_BR": [
        "Aurangabad_BR",
        "Kaimur_BR",
        "Buxar_BR",
        "Palamu_JH",
        "Sonbhadra_UP",
        "Bhojpur_BR",
        "Garhwa_JH",
        "Arwal_BR"
    ],
    "Garhwa_JH": [
        "Balrampur_CT",
        "Latehar_JH",
        "Palamu_JH",
        "Sonbhadra_UP",
        "Rohtas_BR"
    ],
    "Balrampur_CT": [
        "Surajpur_CT",
        "Surguja_CT",
        "Latehar_JH",
        "Sonbhadra_UP",
        "Gumla_JH",
        "Singrauli_MP",
        "Jashpur_CT",
        "Garhwa_JH"
    ],
    "Munger_BR": [
        "Banka_BR",
        "Lakhisarai_BR",
        "Jamui_BR",
        "Khagaria_BR",
        "Begusarai_BR",
        "Bhagalpur_BR"
    ],
    "Godda_JH": [
        "Pakur_JH",
        "Sahibganj_JH",
        "Banka_BR",
        "Dumka_JH",
        "Bhagalpur_BR"
    ],
    "Banka_BR": [
        "Deoghar_JH",
        "Munger_BR",
        "Godda_JH",
        "Jamui_BR",
        "Dumka_JH",
        "Bhagalpur_BR"
    ],
    "Begusarai_BR": [
        "Munger_BR",
        "Patna_BR",
        "Lakhisarai_BR",
        "Samastipur_BR",
        "Khagaria_BR"
    ],
    "Lakhisarai_BR": [
        "Munger_BR",
        "Patna_BR",
        "Jamui_BR",
        "Sheikhpura_BR",
        "Nalanda_BR",
        "Begusarai_BR"
    ],
    "Jamui_BR": [
        "Deoghar_JH",
        "Munger_BR",
        "Giridih_JH",
        "Banka_BR",
        "Lakhisarai_BR",
        "Sheikhpura_BR",
        "Nawada_BR"
    ],
    "Deoghar_JH": [
        "Giridih_JH",
        "Banka_BR",
        "Jamui_BR",
        "Dumka_JH",
        "Jamtara_JH"
    ],
    "Giridih_JH": [
        "Deoghar_JH",
        "Bokaro_JH",
        "Hazaribagh_JH",
        "Jamui_BR",
        "Jamtara_JH",
        "Dhanbad_JH",
        "Koderma_JH",
        "Nawada_BR"
    ],
    "Dumka_JH": [
        "Deoghar_JH",
        "Pakur_JH",
        "Godda_JH",
        "Banka_BR",
        "Jamtara_JH",
        "Birbhum_WB"
    ],
    "Jamtara_JH": [
        "Deoghar_JH",
        "Giridih_JH",
        "Paschim Bardhaman_WB",
        "Dumka_JH",
        "Birbhum_WB",
        "Dhanbad_JH"
    ],
    "Vaishali_BR": [
        "Muzaffarpur_BR",
        "Saran_BR",
        "Patna_BR",
        "Samastipur_BR"
    ],
    "Patna_BR": [
        "Saran_BR",
        "Lakhisarai_BR",
        "Samastipur_BR",
        "Vaishali_BR",
        "Nalanda_BR",
        "Bhojpur_BR",
        "Jehanabad_BR",
        "Begusarai_BR",
        "Arwal_BR"
    ],
    "Arwal_BR": [
        "Aurangabad_BR",
        "Patna_BR",
        "Gaya_BR",
        "Bhojpur_BR",
        "Rohtas_BR",
        "Jehanabad_BR"
    ],
    "Jehanabad_BR": [
        "Gaya_BR",
        "Nalanda_BR",
        "Patna_BR",
        "Arwal_BR"
    ],
    "Nalanda_BR": [
        "Jehanabad_BR",
        "Patna_BR",
        "Lakhisarai_BR",
        "Sheikhpura_BR",
        "Gaya_BR",
        "Nawada_BR"
    ],
    "Aurangabad_BR": [
        "Rohtas_BR",
        "Gaya_BR",
        "Palamu_JH",
        "Arwal_BR"
    ],
    "Palamu_JH": [
        "Aurangabad_BR",
        "Latehar_JH",
        "Chatra_JH",
        "Rohtas_BR",
        "Gaya_BR",
        "Garhwa_JH"
    ],
    "Gaya_BR": [
        "Aurangabad_BR",
        "Hazaribagh_JH",
        "Palamu_JH",
        "Nalanda_BR",
        "Chatra_JH",
        "Koderma_JH",
        "Jehanabad_BR",
        "Nawada_BR",
        "Arwal_BR"
    ],
    "Nawada_BR": [
        "Giridih_JH",
        "Jamui_BR",
        "Sheikhpura_BR",
        "Nalanda_BR",
        "Koderma_JH",
        "Gaya_BR"
    ],
    "Chatra_JH": [
        "Latehar_JH",
        "Hazaribagh_JH",
        "Palamu_JH",
        "Ranchi_JH",
        "Gaya_BR"
    ],
    "Koderma_JH": [
        "Nawada_BR",
        "Hazaribagh_JH",
        "Gaya_BR",
        "Giridih_JH"
    ],
    "Hazaribagh_JH": [
        "Ramgarh_JH",
        "Giridih_JH",
        "Bokaro_JH",
        "Ranchi_JH",
        "Chatra_JH",
        "Koderma_JH",
        "Gaya_BR"
    ],
    "Sheikhpura_BR": [
        "Nawada_BR",
        "Lakhisarai_BR",
        "Nalanda_BR",
        "Jamui_BR"
    ],
    "Birbhum_WB": [
        "Pakur_JH",
        "Paschim Bardhaman_WB",
        "Dumka_JH",
        "Purba Bardhaman_WB",
        "Murshidabad_WB",
        "Jamtara_JH"
    ],
    "Purba Bardhaman_WB": [
        "Bankura_WB",
        "Paschim Bardhaman_WB",
        "Nadia_WB",
        "Hooghly_WB",
        "Murshidabad_WB",
        "Birbhum_WB"
    ],
    "Pakur_JH": [
        "Godda_JH",
        "Sahibganj_JH",
        "Dumka_JH",
        "Murshidabad_WB",
        "Birbhum_WB"
    ],
    "Paschim Bardhaman_WB": [
        "Bankura_WB",
        "Purulia_WB",
        "Jamtara_JH",
        "Purba Bardhaman_WB",
        "Birbhum_WB",
        "Dhanbad_JH"
    ],
    "Nadia_WB": [
        "Purba Bardhaman_WB",
        "Hooghly_WB",
        "North 24 Parganas_WB",
        "Murshidabad_WB"
    ],
    "Hooghly_WB": [
        "Bankura_WB",
        "Paschim Medinipur_WB",
        "North 24 Parganas_WB",
        "Nadia_WB",
        "Purba Bardhaman_WB",
        "Howrah_WB"
    ],
    "North 24 Parganas_WB": [
        "South 24 Parganas_WB",
        "Kolkata_WB",
        "Nadia_WB",
        "Hooghly_WB",
        "Howrah_WB"
    ],
    "Bankura_WB": [
        "Paschim Medinipur_WB",
        "Paschim Bardhaman_WB",
        "Jhargram_WB",
        "Purulia_WB",
        "Hooghly_WB",
        "Purba Bardhaman_WB",
        "Manipur_MN"
    ],
    "Paschim Medinipur_WB": [
        "Bankura_WB",
        "Purba Medinipur_WB",
        "Jhargram_WB",
        "Hooghly_WB",
        "Balasore_OR",
        "Howrah_WB"
    ],
    "Howrah_WB": [
        "South 24 Parganas_WB",
        "Kolkata_WB",
        "Purba Medinipur_WB",
        "Paschim Medinipur_WB",
        "North 24 Parganas_WB",
        "Hooghly_WB"
    ],
    "Purulia_WB": [
        "Bankura_WB",
        "Saraikela-Kharsawan_JH",
        "East Singhbhum_JH",
        "Ramgarh_JH",
        "Paschim Bardhaman_WB",
        "Bokaro_JH",
        "Jhargram_WB",
        "Ranchi_JH",
        "Dhanbad_JH"
    ],
    "Jhargram_WB": [
        "Bankura_WB",
        "Paschim Medinipur_WB",
        "East Singhbhum_JH",
        "Purulia_WB",
        "Mayurbhanj_OR",
        "Balasore_OR"
    ],
    "Ranchi_JH": [
        "Saraikela-Kharsawan_JH",
        "Khunti_JH",
        "Ramgarh_JH",
        "Lohardaga_JH",
        "Latehar_JH",
        "Hazaribagh_JH",
        "Purulia_WB",
        "Gumla_JH",
        "Chatra_JH"
    ],
    "East Singhbhum_JH": [
        "Saraikela-Kharsawan_JH",
        "Mayurbhanj_OR",
        "Purulia_WB",
        "Jhargram_WB"
    ],
    "Bokaro_JH": [
        "Ramgarh_JH",
        "Giridih_JH",
        "Hazaribagh_JH",
        "Purulia_WB",
        "Dhanbad_JH"
    ],
    "Dhanbad_JH": [
        "Giridih_JH",
        "Bokaro_JH",
        "Paschim Bardhaman_WB",
        "Purulia_WB",
        "Jamtara_JH"
    ],
    "Ramgarh_JH": [
        "Purulia_WB",
        "Hazaribagh_JH",
        "Ranchi_JH",
        "Bokaro_JH"
    ],
    "Saraikela-Kharsawan_JH": [
        "Khunti_JH",
        "East Singhbhum_JH",
        "West Singhbhum_JH",
        "Purulia_WB",
        "Ranchi_JH",
        "Mayurbhanj_OR"
    ],
    "Balasore_OR": [
        "Purba Medinipur_WB",
        "Paschim Medinipur_WB",
        "Kendujhar_OR",
        "Jhargram_WB",
        "Bhadrak_OR",
        "Mayurbhanj_OR"
    ],
    "Purba Medinipur_WB": [
        "Balasore_OR",
        "South 24 Parganas_WB",
        "Paschim Medinipur_WB",
        "Howrah_WB"
    ],
    "Latehar_JH": [
        "Balrampur_CT",
        "Lohardaga_JH",
        "Palamu_JH",
        "Gumla_JH",
        "Ranchi_JH",
        "Chatra_JH",
        "Garhwa_JH"
    ],
    "Gumla_JH": [
        "Balrampur_CT",
        "Khunti_JH",
        "Lohardaga_JH",
        "Latehar_JH",
        "Simdega_JH",
        "Ranchi_JH",
        "Jashpur_CT"
    ],
    "Lohardaga_JH": [
        "Gumla_JH",
        "Latehar_JH",
        "Ranchi_JH"
    ],
    "Jashpur_CT": [
        "Balrampur_CT",
        "Sundargarh_OR",
        "Surguja_CT",
        "Gumla_JH",
        "Raigarh_CT",
        "Simdega_JH"
    ],
    "Khunti_JH": [
        "Saraikela-Kharsawan_JH",
        "West Singhbhum_JH",
        "Gumla_JH",
        "Simdega_JH",
        "Ranchi_JH"
    ],
    "Simdega_JH": [
        "Sundargarh_OR",
        "Khunti_JH",
        "West Singhbhum_JH",
        "Gumla_JH",
        "Jashpur_CT"
    ],
    "West Singhbhum_JH": [
        "Saraikela-Kharsawan_JH",
        "Sundargarh_OR",
        "Khunti_JH",
        "Kendujhar_OR",
        "Simdega_JH",
        "Mayurbhanj_OR"
    ],
    "Sundargarh_OR": [
        "Sambalpur_OR",
        "West Singhbhum_JH",
        "Kendujhar_OR",
        "Raigarh_CT",
        "Simdega_JH",
        "Angul_OR",
        "Jashpur_CT",
        "Deogarh_OR",
        "Jharsuguda_OR"
    ],
    "Kendujhar_OR": [
        "Sundargarh_OR",
        "West Singhbhum_JH",
        "Bhadrak_OR",
        "Angul_OR",
        "Mayurbhanj_OR",
        "Balasore_OR",
        "Dhenkanal_OR",
        "Jajpur_OR"
    ],
    "Mayurbhanj_OR": [
        "Saraikela-Kharsawan_JH",
        "East Singhbhum_JH",
        "West Singhbhum_JH",
        "Kendujhar_OR",
        "Jhargram_WB",
        "Balasore_OR"
    ],
    "Surguja_CT": [
        "Balrampur_CT",
        "Surajpur_CT",
        "Raigarh_CT",
        "Jashpur_CT",
        "Korba_CT"
    ],
    "Raigarh_CT": [
        "Janjgir Champa_CT",
        "Sundargarh_OR",
        "Mahasamund_CT",
        "Surguja_CT",
        "Jashpur_CT",
        "Bargarh_OR",
        "Baloda Bazar_CT",
        "Korba_CT",
        "Jharsuguda_OR"
    ],
    "Korba_CT": [
        "Janjgir Champa_CT",
        "Bilaspur_CT",
        "Surajpur_CT",
        "Surguja_CT",
        "Koriya_CT",
        "Raigarh_CT"
    ],
    "Surajpur_CT": [
        "Balrampur_CT",
        "Surguja_CT",
        "Koriya_CT",
        "Singrauli_MP",
        "Korba_CT"
    ],
    "Bilaspur_CT": [
        "Janjgir Champa_CT",
        "Anuppur_MP",
        "Koriya_CT",
        "Mungeli_CT",
        "Baloda Bazar_CT",
        "Korba_CT"
    ],
    "Koriya_CT": [
        "Bilaspur_CT",
        "Sidhi_MP",
        "Surajpur_CT",
        "Anuppur_MP",
        "Singrauli_MP",
        "Korba_CT",
        "Shahdol_MP"
    ],
    "Baloda Bazar_CT": [
        "Janjgir Champa_CT",
        "Bilaspur_CT",
        "Raigarh_CT",
        "Mungeli_CT",
        "Raipur_CT",
        "Bametara_CT",
        "Mahasamund_CT"
    ],
    "Janjgir Champa_CT": [
        "Raigarh_CT",
        "Baloda Bazar_CT",
        "Bilaspur_CT",
        "Korba_CT"
    ],
    "Mungeli_CT": [
        "Bilaspur_CT",
        "Anuppur_MP",
        "Kabeerdham_CT",
        "Bametara_CT",
        "Baloda Bazar_CT",
        "Dindori_MP"
    ],
    "Anuppur_MP": [
        "Bilaspur_CT",
        "Koriya_CT",
        "Mungeli_CT",
        "Shahdol_MP",
        "Umaria_MP",
        "Dindori_MP"
    ],
    "Sidhi_MP": [
        "Satna_MP",
        "Rewa_MP",
        "Koriya_CT",
        "Singrauli_MP",
        "Shahdol_MP"
    ],
    "Shahdol_MP": [
        "Sidhi_MP",
        "Satna_MP",
        "Anuppur_MP",
        "Koriya_CT",
        "Umaria_MP"
    ],
    "Mahasamund_CT": [
        "Raigarh_CT",
        "Nuapada_OR",
        "Raipur_CT",
        "Gariaband_CT",
        "Bargarh_OR",
        "Baloda Bazar_CT"
    ],
    "Bargarh_OR": [
        "Sambalpur_OR",
        "Balangir_OR",
        "Raigarh_CT",
        "Nuapada_OR",
        "Subarnapur_OR",
        "Mahasamund_CT",
        "Jharsuguda_OR"
    ],
    "Jharsuguda_OR": [
        "Sambalpur_OR",
        "Bargarh_OR",
        "Raigarh_CT",
        "Sundargarh_OR"
    ],
    "Raipur_CT": [
        "Bametara_CT",
        "Dhamtari_CT",
        "Durg_CT",
        "Gariaband_CT",
        "Baloda Bazar_CT",
        "Mahasamund_CT"
    ],
    "Nuapada_OR": [
        "Gariaband_CT",
        "Kalahandi_OR",
        "Mahasamund_CT",
        "Bargarh_OR",
        "Balangir_OR"
    ],
    "Gariaband_CT": [
        "Dhamtari_CT",
        "Nuapada_OR",
        "Raipur_CT",
        "Kalahandi_OR",
        "Mahasamund_CT",
        "Nabarangapur_OR"
    ],
    "Durg_CT": [
        "Balod_CT",
        "Dhamtari_CT",
        "Raipur_CT",
        "Rajnandgaon_CT",
        "Bametara_CT"
    ],
    "Dhamtari_CT": [
        "Balod_CT",
        "Kondagaon_CT",
        "Uttar Bastar Kanker_CT",
        "Raipur_CT",
        "Gariaband_CT",
        "Durg_CT",
        "Nabarangapur_OR"
    ],
    "Bametara_CT": [
        "Kabeerdham_CT",
        "Durg_CT",
        "Mungeli_CT",
        "Raipur_CT",
        "Rajnandgaon_CT",
        "Baloda Bazar_CT"
    ],
    "Rajnandgaon_CT": [
        "Gadchiroli_MH",
        "Balod_CT",
        "Gondia_MH",
        "Balaghat_MP",
        "Kabeerdham_CT",
        "Uttar Bastar Kanker_CT",
        "Durg_CT",
        "Bametara_CT"
    ],
    "Balod_CT": [
        "Rajnandgaon_CT",
        "Uttar Bastar Kanker_CT",
        "Dhamtari_CT",
        "Durg_CT"
    ],
    "Kabeerdham_CT": [
        "Balaghat_MP",
        "Mandla_MP",
        "Mungeli_CT",
        "Rajnandgaon_CT",
        "Bametara_CT",
        "Dindori_MP"
    ],
    "Balaghat_MP": [
        "Nagpur_MH",
        "Gondia_MH",
        "Kabeerdham_CT",
        "Bhandara_MH",
        "Mandla_MP",
        "Rajnandgaon_CT",
        "Seoni_MP"
    ],
    "Dindori_MP": [
        "Jabalpur_MP",
        "Anuppur_MP",
        "Kabeerdham_CT",
        "Mandla_MP",
        "Mungeli_CT",
        "Umaria_MP"
    ],
    "Mandla_MP": [
        "Jabalpur_MP",
        "Balaghat_MP",
        "Kabeerdham_CT",
        "Seoni_MP",
        "Dindori_MP"
    ],
    "Uttar Bastar Kanker_CT": [
        "Gadchiroli_MH",
        "Balod_CT",
        "Kondagaon_CT",
        "Dhamtari_CT",
        "Rajnandgaon_CT",
        "Narayanpur_CT"
    ],
    "Gondia_MH": [
        "Rajnandgaon_CT",
        "Gadchiroli_MH",
        "Bhandara_MH",
        "Balaghat_MP"
    ],
    "Gadchiroli_MH": [
        "Chandrapur_MH",
        "Gondia_MH",
        "Rajnandgaon_CT",
        "Uttar Bastar Kanker_CT",
        "Bhandara_MH",
        "Telangana_TN",
        "Bijapur_CT",
        "Narayanpur_CT",
        "Manipur_MN"
    ],
    "Bastar_CT": [
        "Koraput_OR",
        "Kondagaon_CT",
        "Dakshin Bastar Dantewada_CT",
        "Malkangiri_OR",
        "Sukma_CT",
        "Nabarangapur_OR"
    ],
    "Dakshin Bastar Dantewada_CT": [
        "Sukma_CT",
        "Bastar_CT",
        "Kondagaon_CT",
        "Bijapur_CT",
        "Narayanpur_CT"
    ],
    "Nabarangapur_OR": [
        "Koraput_OR",
        "Bastar_CT",
        "Kondagaon_CT",
        "Dhamtari_CT",
        "Gariaband_CT",
        "Kalahandi_OR"
    ],
    "Koraput_OR": [
        "Bastar_CT",
        "Vizianagaram_AP",
        "Malkangiri_OR",
        "Kalahandi_OR",
        "Rayagada_OR",
        "Visakhapatnam_AP",
        "Nabarangapur_OR"
    ],
    "Malkangiri_OR": [
        "Koraput_OR",
        "Bastar_CT",
        "East Godavari_AP",
        "Sukma_CT",
        "Visakhapatnam_AP"
    ],
    "Sukma_CT": [
        "Bastar_CT",
        "Dakshin Bastar Dantewada_CT",
        "Telangana_TN",
        "East Godavari_AP",
        "Malkangiri_OR",
        "Bijapur_CT"
    ],
    "Kondagaon_CT": [
        "Bastar_CT",
        "Dakshin Bastar Dantewada_CT",
        "Uttar Bastar Kanker_CT",
        "Dhamtari_CT",
        "Narayanpur_CT",
        "Nabarangapur_OR"
    ],
    "Bijapur_CT": [
        "Narayanpur_CT",
        "Gadchiroli_MH",
        "Dakshin Bastar Dantewada_CT",
        "Telangana_TN",
        "Sukma_CT",
        "Manipur_MN"
    ],
    "Narayanpur_CT": [
        "Gadchiroli_MH",
        "Kondagaon_CT",
        "Dakshin Bastar Dantewada_CT",
        "Uttar Bastar Kanker_CT",
        "Bijapur_CT"
    ],
    "Gwalior_MP": [
        "Shivpuri_MP",
        "Morena_MP",
        "Bhind_MP",
        "Datia_MP"
    ],
    "Bhopal_MP": [
        "Vidisha_MP",
        "Sehore_MP",
        "Raisen_MP",
        "Rajgarh_MP",
        "Guna_MP"
    ],
    "Vidisha_MP": [
        "Sagar_MP",
        "Bhopal_MP",
        "Raisen_MP",
        "Ashoknagar_MP",
        "Guna_MP"
    ],
    "Damoh_MP": [
        "Chhatarpur_MP",
        "Jabalpur_MP",
        "Katni_MP",
        "Sagar_MP",
        "Panna_MP",
        "Narsinghpur_MP"
    ],
    "Katni_MP": [
        "Jabalpur_MP",
        "Satna_MP",
        "Panna_MP",
        "Umaria_MP",
        "Damoh_MP"
    ],
    "Umaria_MP": [
        "Katni_MP",
        "Jabalpur_MP",
        "Satna_MP",
        "Anuppur_MP",
        "Shahdol_MP",
        "Dindori_MP"
    ],
    "Sehore_MP": [
        "Dewas_MP",
        "Bhopal_MP",
        "Raisen_MP",
        "Harda_MP",
        "Rajgarh_MP",
        "Shajapur_MP",
        "Hoshangabad_MP"
    ],
    "Raisen_MP": [
        "Vidisha_MP",
        "Sagar_MP",
        "Sehore_MP",
        "Bhopal_MP",
        "Narsinghpur_MP",
        "Hoshangabad_MP"
    ],
    "Narsinghpur_MP": [
        "Jabalpur_MP",
        "Chhindwara_MP",
        "Sagar_MP",
        "Raisen_MP",
        "Seoni_MP",
        "Hoshangabad_MP",
        "Damoh_MP"
    ],
    "Shajapur_MP": [
        "Dewas_MP",
        "Sehore_MP",
        "Ujjain_MP",
        "Agar Malwa_MP",
        "Rajgarh_MP"
    ],
    "Dhar_MP": [
        "Khargone_MP",
        "Ratlam_MP",
        "Ujjain_MP",
        "Barwani_MP",
        "Jhabua_MP",
        "Indore_MP",
        "Alirajpur_MP"
    ],
    "Ujjain_MP": [
        "Dewas_MP",
        "Ratlam_MP",
        "Agar Malwa_MP",
        "Shajapur_MP",
        "Indore_MP",
        "Dhar_MP"
    ],
    "Dewas_MP": [
        "Khandwa_MP",
        "Khargone_MP",
        "Sehore_MP",
        "Harda_MP",
        "Ujjain_MP",
        "Shajapur_MP",
        "Indore_MP"
    ],
    "Indore_MP": [
        "Ujjain_MP",
        "Dhar_MP",
        "Khargone_MP",
        "Dewas_MP"
    ],
    "Barwani_MP": [
        "Khargone_MP",
        "Jalgaon_MH",
        "Nandurbar_MH",
        "Dhar_MP",
        "Dhule_MH",
        "Alirajpur_MP"
    ],
    "Khargone_MP": [
        "Khandwa_MP",
        "Dewas_MP",
        "Jalgaon_MH",
        "Barwani_MP",
        "Dhar_MP",
        "Burhanpur_MP",
        "Indore_MP"
    ],
    "Jalgaon_MH": [
        "Aurangabad_MH",
        "Khargone_MP",
        "Dhule_MH",
        "Jalna_MH",
        "Buldhana_MH",
        "Barwani_MP",
        "Nashik_MH",
        "Burhanpur_MP"
    ],
    "Khandwa_MP": [
        "Betul_MP",
        "Dewas_MP",
        "Khargone_MP",
        "Amravati_MH",
        "Harda_MP",
        "Burhanpur_MP"
    ],
    "Harda_MP": [
        "Betul_MP",
        "Khandwa_MP",
        "Dewas_MP",
        "Sehore_MP",
        "Hoshangabad_MP"
    ],
    "Betul_MP": [
        "Khandwa_MP",
        "Chhindwara_MP",
        "Amravati_MH",
        "Harda_MP",
        "Hoshangabad_MP"
    ],
    "Amravati_MH": [
        "Betul_MP",
        "Wardha_MH",
        "Khandwa_MP",
        "Nagpur_MH",
        "Chhindwara_MP",
        "Akola_MH",
        "Yavatmal_MH",
        "Buldhana_MH",
        "Burhanpur_MP",
        "Washim_MH"
    ],
    "Burhanpur_MP": [
        "Khandwa_MP",
        "Khargone_MP",
        "Amravati_MH",
        "Jalgaon_MH",
        "Buldhana_MH"
    ],
    "Hoshangabad_MP": [
        "Betul_MP",
        "Chhindwara_MP",
        "Sehore_MP",
        "Raisen_MP",
        "Harda_MP",
        "Narsinghpur_MP"
    ],
    "Chhindwara_MP": [
        "Betul_MP",
        "Narsinghpur_MP",
        "Nagpur_MH",
        "Amravati_MH",
        "Seoni_MP",
        "Hoshangabad_MP"
    ],
    "Jabalpur_MP": [
        "Narsinghpur_MP",
        "Katni_MP",
        "Mandla_MP",
        "Seoni_MP",
        "Umaria_MP",
        "Dindori_MP",
        "Damoh_MP"
    ],
    "Seoni_MP": [
        "Jabalpur_MP",
        "Nagpur_MH",
        "Balaghat_MP",
        "Chhindwara_MP",
        "Mandla_MP",
        "Narsinghpur_MP"
    ],
    "Nagpur_MH": [
        "Wardha_MH",
        "Chandrapur_MH",
        "Balaghat_MP",
        "Chhindwara_MP",
        "Amravati_MH",
        "Bhandara_MH",
        "Seoni_MP"
    ],
    "Bhandara_MH": [
        "Gadchiroli_MH",
        "Nagpur_MH",
        "Chandrapur_MH",
        "Gondia_MH",
        "Balaghat_MP"
    ],
    "Balangir_OR": [
        "Kandhamal_OR",
        "Nuapada_OR",
        "Boudh_OR",
        "Subarnapur_OR",
        "Kalahandi_OR",
        "Bargarh_OR"
    ],
    "Subarnapur_OR": [
        "Sambalpur_OR",
        "Angul_OR",
        "Boudh_OR",
        "Bargarh_OR",
        "Balangir_OR"
    ],
    "Sambalpur_OR": [
        "Sundargarh_OR",
        "Deogarh_OR",
        "Angul_OR",
        "Subarnapur_OR",
        "Bargarh_OR",
        "Jharsuguda_OR"
    ],
    "Kalahandi_OR": [
        "Koraput_OR",
        "Balangir_OR",
        "Kandhamal_OR",
        "Nuapada_OR",
        "Gariaband_CT",
        "Rayagada_OR",
        "Nabarangapur_OR"
    ],
    "Boudh_OR": [
        "Kandhamal_OR",
        "Subarnapur_OR",
        "Angul_OR",
        "Nayagarh_OR",
        "Balangir_OR"
    ],
    "Kandhamal_OR": [
        "Ganjam_OR",
        "Rayagada_OR",
        "Boudh_OR",
        "Kalahandi_OR",
        "Gajapati_OR",
        "Nayagarh_OR",
        "Balangir_OR"
    ],
    "Angul_OR": [
        "Sambalpur_OR",
        "Sundargarh_OR",
        "Cuttack_OR",
        "Kendujhar_OR",
        "Subarnapur_OR",
        "Boudh_OR",
        "Deogarh_OR",
        "Dhenkanal_OR",
        "Nayagarh_OR"
    ],
    "Deogarh_OR": [
        "Sambalpur_OR",
        "Sundargarh_OR",
        "Angul_OR"
    ],
    "Nayagarh_OR": [
        "Cuttack_OR",
        "Ganjam_OR",
        "Khordha_OR",
        "Kandhamal_OR",
        "Angul_OR",
        "Boudh_OR"
    ],
    "Khordha_OR": [
        "Cuttack_OR",
        "Nayagarh_OR",
        "Puri_OR",
        "Ganjam_OR"
    ],
    "Cuttack_OR": [
        "Khordha_OR",
        "Angul_OR",
        "Kendrapara_OR",
        "Puri_OR",
        "Dhenkanal_OR",
        "Nayagarh_OR",
        "Jagatsinghpur_OR",
        "Jajpur_OR"
    ],
    "Ganjam_OR": [
        "Khordha_OR",
        "Srikakulam_AP",
        "Kandhamal_OR",
        "Puri_OR",
        "Gajapati_OR",
        "Nayagarh_OR"
    ],
    "Puri_OR": [
        "Khordha_OR",
        "Cuttack_OR",
        "Jagatsinghpur_OR",
        "Ganjam_OR"
    ],
    "Dhenkanal_OR": [
        "Jajpur_OR",
        "Cuttack_OR",
        "Angul_OR",
        "Kendujhar_OR"
    ],
    "Jajpur_OR": [
        "Cuttack_OR",
        "Kendujhar_OR",
        "Kendrapara_OR",
        "Bhadrak_OR",
        "Dhenkanal_OR"
    ],
    "Jagatsinghpur_OR": [
        "Cuttack_OR",
        "Puri_OR",
        "Kendrapara_OR"
    ],
    "Kendrapara_OR": [
        "Bhadrak_OR",
        "Cuttack_OR",
        "Jagatsinghpur_OR",
        "Jajpur_OR"
    ],
    "Bhadrak_OR": [
        "Balasore_OR",
        "Jajpur_OR",
        "Kendujhar_OR",
        "Kendrapara_OR"
    ],
    "Rayagada_OR": [
        "Koraput_OR",
        "Srikakulam_AP",
        "Vizianagaram_AP",
        "Kandhamal_OR",
        "Kalahandi_OR",
        "Gajapati_OR"
    ],
    "Vizianagaram_AP": [
        "Koraput_OR",
        "Rayagada_OR",
        "Visakhapatnam_AP",
        "Srikakulam_AP"
    ],
    "Visakhapatnam_AP": [
        "East Godavari_AP",
        "Koraput_OR",
        "Malkangiri_OR",
        "Vizianagaram_AP"
    ],
    "East Godavari_AP": [
        "Telangana_TN",
        "West Godavari_AP",
        "Malkangiri_OR",
        "Sukma_CT",
        "Visakhapatnam_AP"
    ],
    "Gajapati_OR": [
        "Kandhamal_OR",
        "Ganjam_OR",
        "Rayagada_OR",
        "Srikakulam_AP"
    ],
    "Srikakulam_AP": [
        "Gajapati_OR",
        "Ganjam_OR",
        "Rayagada_OR",
        "Vizianagaram_AP"
    ],
    "Ahmednagar_MH": [
        "Mumbai_MH",
        "Aurangabad_MH",
        "Thane_MH",
        "Osmanabad_MH",
        "Solapur_MH",
        "Beed_MH",
        "Nashik_MH",
        "Pune_MH"
    ],
    "Aurangabad_MH": [
        "Beed_MH",
        "Jalna_MH",
        "Jalgaon_MH",
        "Nashik_MH",
        "Ahmednagar_MH"
    ],
    "Thane_MH": [
        "Mumbai_MH",
        "Raigad_MH",
        "Ahmednagar_MH",
        "Nashik_MH",
        "Pune_MH",
        "Palghar_MH"
    ],
    "Pune_MH": [
        "Mumbai_MH",
        "Thane_MH",
        "Solapur_MH",
        "Raigad_MH",
        "Satara_MH",
        "Ahmednagar_MH"
    ],
    "Beed_MH": [
        "Aurangabad_MH",
        "Osmanabad_MH",
        "Parbhani_MH",
        "Jalna_MH",
        "Ahmednagar_MH",
        "Latur_MH"
    ],
    "Solapur_MH": [
        "Osmanabad_MH",
        "Vijayapura_KA",
        "Sangli_MH",
        "Satara_MH",
        "Kalaburagi_KA",
        "Pune_MH",
        "Ahmednagar_MH"
    ],
    "Osmanabad_MH": [
        "Solapur_MH",
        "Beed_MH",
        "Bidar_KA",
        "Kalaburagi_KA",
        "Ahmednagar_MH",
        "Latur_MH"
    ],
    "Satara_MH": [
        "Mumbai_MH",
        "Solapur_MH",
        "Ratnagiri_MH",
        "Raigad_MH",
        "Sangli_MH",
        "Pune_MH"
    ],
    "Raigad_MH": [
        "Mumbai_MH",
        "Thane_MH",
        "Ratnagiri_MH",
        "Satara_MH",
        "Pune_MH"
    ],
    "Ratnagiri_MH": [
        "Mumbai_MH",
        "Kolhapur_MH",
        "Raigad_MH",
        "Sangli_MH",
        "Satara_MH",
        "Sindhudurg_MH"
    ],
    "Sangli_MH": [
        "Mumbai_MH",
        "Kolhapur_MH",
        "Vijayapura_KA",
        "Solapur_MH",
        "Ratnagiri_MH",
        "Satara_MH",
        "Belagavi_KA"
    ],
    "Kolhapur_MH": [
        "Mumbai_MH",
        "Ratnagiri_MH",
        "Sangli_MH",
        "Sindhudurg_MH",
        "Belagavi_KA"
    ],
    "Sindhudurg_MH": [
        "Mumbai_MH",
        "Kolhapur_MH",
        "Ratnagiri_MH",
        "Goa_GA",
        "Belagavi_KA"
    ],
    "Chandrapur_MH": [
        "Wardha_MH",
        "Gadchiroli_MH",
        "Nagpur_MH",
        "Yavatmal_MH",
        "Bhandara_MH",
        "Telangana_TN"
    ],
    "Telangana_TN": [
        "Gadchiroli_MH",
        "Chandrapur_MH",
        "Yadgir_KA",
        "Yavatmal_MH",
        "Krishna_AP",
        "Telangana_TN",
        "East Godavari_AP",
        "Kurnool_AP",
        "Raichur_KA",
        "Nanded_MH",
        "Bidar_KA",
        "Kalaburagi_KA",
        "West Godavari_AP",
        "Bijapur_CT",
        "Guntur_AP",
        "Prakasam_AP",
        "Sukma_CT",
        "Manipur_MN"
    ],
    "Manipur_MN": [
        "Bankura_WB",
        "Gadchiroli_MH",
        "Champhai_MZ",
        "Phek_NL",
        "Telangana_TN",
        "Peren_NL",
        "Kohima_NL",
        "Manipur_MN",
        "Bijapur_CT",
        "Aizawl_MZ",
        "Assam_AS"
    ],
    "Wardha_MH": [
        "Amravati_MH",
        "Yavatmal_MH",
        "Chandrapur_MH",
        "Nagpur_MH"
    ],
    "Yavatmal_MH": [
        "Wardha_MH",
        "Chandrapur_MH",
        "Hingoli_MH",
        "Amravati_MH",
        "Telangana_TN",
        "Nanded_MH",
        "Washim_MH"
    ],
    "Washim_MH": [
        "Hingoli_MH",
        "Akola_MH",
        "Amravati_MH",
        "Yavatmal_MH",
        "Parbhani_MH",
        "Buldhana_MH"
    ],
    "Nanded_MH": [
        "Hingoli_MH",
        "Yavatmal_MH",
        "Telangana_TN",
        "Parbhani_MH",
        "Bidar_KA",
        "Latur_MH"
    ],
    "Hingoli_MH": [
        "Parbhani_MH",
        "Yavatmal_MH",
        "Nanded_MH",
        "Washim_MH"
    ],
    "Akola_MH": [
        "Buldhana_MH",
        "Amravati_MH",
        "Washim_MH"
    ],
    "Parbhani_MH": [
        "Hingoli_MH",
        "Beed_MH",
        "Jalna_MH",
        "Buldhana_MH",
        "Nanded_MH",
        "Latur_MH",
        "Washim_MH"
    ],
    "Buldhana_MH": [
        "Akola_MH",
        "Amravati_MH",
        "Parbhani_MH",
        "Jalna_MH",
        "Jalgaon_MH",
        "Burhanpur_MP",
        "Washim_MH"
    ],
    "Latur_MH": [
        "Osmanabad_MH",
        "Beed_MH",
        "Parbhani_MH",
        "Bidar_KA",
        "Nanded_MH"
    ],
    "Bidar_KA": [
        "Osmanabad_MH",
        "Telangana_TN",
        "Kalaburagi_KA",
        "Nanded_MH",
        "Latur_MH"
    ],
    "Jalna_MH": [
        "Aurangabad_MH",
        "Beed_MH",
        "Parbhani_MH",
        "Jalgaon_MH",
        "Buldhana_MH"
    ],
    "Belagavi_KA": [
        "Mumbai_MH",
        "Gadag_KA",
        "Kolhapur_MH",
        "Vijayapura_KA",
        "Sangli_MH",
        "Goa_GA",
        "Sindhudurg_MH",
        "Bagalkote_KA",
        "Uttara Kannada_KA",
        "Dharwad_KA"
    ],
    "Vijayapura_KA": [
        "Yadgir_KA",
        "Solapur_MH",
        "Sangli_MH",
        "Raichur_KA",
        "Bagalkote_KA",
        "Kalaburagi_KA",
        "Belagavi_KA"
    ],
    "Goa_GA": [
        "Mumbai_MH",
        "Goa_GA",
        "Sindhudurg_MH",
        "Belagavi_KA",
        "Uttara Kannada_KA"
    ],
    "Kalaburagi_KA": [
        "Osmanabad_MH",
        "Vijayapura_KA",
        "Yadgir_KA",
        "Solapur_MH",
        "Telangana_TN",
        "Bidar_KA"
    ],
    "Uttara Kannada_KA": [
        "Udupi_KA",
        "Shivamogga_KA",
        "Haveri_KA",
        "Goa_GA",
        "Belagavi_KA",
        "Dharwad_KA"
    ],
    "Alappuzha_KL": [
        "Kollam_KL",
        "Pathanamthitta_KL",
        "Kottayam_KL",
        "Ernakulam_KL"
    ],
    "Kozhikode_KL": [
        "Kannur_KL",
        "Malappuram_KL",
        "Mahe_PY",
        "Wayanad_KL"
    ],
    "Kannur_KL": [
        "Mahe_PY",
        "Kozhikode_KL",
        "Wayanad_KL",
        "Kasaragod_KL",
        "Kodagu_KA"
    ],
    "Mysuru_KA": [
        "Hassan_KA",
        "Chamarajanagara_KA",
        "Wayanad_KL",
        "Mandya_KA",
        "Kodagu_KA"
    ],
    "Kodagu_KA": [
        "Kannur_KL",
        "Hassan_KA",
        "Wayanad_KL",
        "Dakshina Kannada_KA",
        "Kasaragod_KL",
        "Mysuru_KA"
    ],
    "Kasaragod_KL": [
        "Kannur_KL",
        "Dakshina Kannada_KA",
        "Kodagu_KA"
    ],
    "Mahe_PY": [
        "Kannur_KL",
        "Kozhikode_KL"
    ],
    "Dakshina Kannada_KA": [
        "Udupi_KA",
        "Hassan_KA",
        "Chikkamagaluru_KA",
        "Kasaragod_KL",
        "Kodagu_KA"
    ],
    "Mandya_KA": [
        "Hassan_KA",
        "Chamarajanagara_KA",
        "Ramanagara_KA",
        "Tumakuru_KA",
        "Mysuru_KA"
    ],
    "Ramanagara_KA": [
        "Bengaluru Rural_KA",
        "Bengaluru Urban_KA",
        "Krishnagiri_TN",
        "Mandya_KA",
        "Tumakuru_KA",
        "Chamarajanagara_KA"
    ],
    "Hassan_KA": [
        "Chikkamagaluru_KA",
        "Dakshina Kannada_KA",
        "Mandya_KA",
        "Tumakuru_KA",
        "Mysuru_KA",
        "Kodagu_KA"
    ],
    "Udupi_KA": [
        "Shivamogga_KA",
        "Uttara Kannada_KA",
        "Dakshina Kannada_KA",
        "Chikkamagaluru_KA"
    ],
    "Chikkamagaluru_KA": [
        "Udupi_KA",
        "Hassan_KA",
        "Shivamogga_KA",
        "Chitradurga_KA",
        "Davanagere_KA",
        "Dakshina Kannada_KA",
        "Tumakuru_KA"
    ],
    "Shivamogga_KA": [
        "Udupi_KA",
        "Chikkamagaluru_KA",
        "Haveri_KA",
        "Davanagere_KA",
        "Uttara Kannada_KA"
    ],
    "Bengaluru Rural_KA": [
        "Chikkaballapura_KA",
        "Ramanagara_KA",
        "Bengaluru Urban_KA",
        "Krishnagiri_TN",
        "Tumakuru_KA",
        "Kolar_KA"
    ],
    "Bengaluru Urban_KA": [
        "Ramanagara_KA",
        "Krishnagiri_TN",
        "Bengaluru Rural_KA"
    ],
    "Kolar_KA": [
        "Chikkaballapura_KA",
        "Krishnagiri_TN",
        "Bengaluru Rural_KA",
        "Chittoor_AP"
    ],
    "Tumakuru_KA": [
        "Chikkaballapura_KA",
        "Bengaluru Rural_KA",
        "Hassan_KA",
        "Anantapur_AP",
        "Chikkamagaluru_KA",
        "Ramanagara_KA",
        "Chitradurga_KA",
        "Mandya_KA"
    ],
    "Chikkaballapura_KA": [
        "Anantapur_AP",
        "Bengaluru Rural_KA",
        "Kolar_KA",
        "Tumakuru_KA",
        "Chittoor_AP"
    ],
    "Chitradurga_KA": [
        "Anantapur_AP",
        "Chikkamagaluru_KA",
        "Ballari_KA",
        "Davanagere_KA",
        "Tumakuru_KA"
    ],
    "Davanagere_KA": [
        "Shivamogga_KA",
        "Chikkamagaluru_KA",
        "Haveri_KA",
        "Ballari_KA",
        "Chitradurga_KA"
    ],
    "Ballari_KA": [
        "Anantapur_AP",
        "Gadag_KA",
        "Haveri_KA",
        "Chitradurga_KA",
        "Davanagere_KA",
        "Raichur_KA",
        "Kurnool_AP",
        "Koppal_KA"
    ],
    "Anantapur_AP": [
        "Chikkaballapura_KA",
        "Y.S.R. Kadapa_AP",
        "Ballari_KA",
        "Chitradurga_KA",
        "Tumakuru_KA",
        "Kurnool_AP",
        "Chittoor_AP"
    ],
    "Bagalkote_KA": [
        "Gadag_KA",
        "Vijayapura_KA",
        "Raichur_KA",
        "Belagavi_KA",
        "Koppal_KA"
    ],
    "Dharwad_KA": [
        "Haveri_KA",
        "Belagavi_KA",
        "Gadag_KA",
        "Uttara Kannada_KA"
    ],
    "Gadag_KA": [
        "Haveri_KA",
        "Ballari_KA",
        "Koppal_KA",
        "Bagalkote_KA",
        "Belagavi_KA",
        "Dharwad_KA"
    ],
    "Haveri_KA": [
        "Shivamogga_KA",
        "Gadag_KA",
        "Ballari_KA",
        "Davanagere_KA",
        "Uttara Kannada_KA",
        "Dharwad_KA"
    ],
    "Koppal_KA": [
        "Ballari_KA",
        "Raichur_KA",
        "Bagalkote_KA",
        "Gadag_KA"
    ],
    "Raichur_KA": [
        "Vijayapura_KA",
        "Yadgir_KA",
        "Ballari_KA",
        "Koppal_KA",
        "Telangana_TN",
        "Bagalkote_KA",
        "Kurnool_AP"
    ],
    "Yadgir_KA": [
        "Raichur_KA",
        "Kalaburagi_KA",
        "Telangana_TN",
        "Vijayapura_KA"
    ],
    "Kurnool_AP": [
        "Anantapur_AP",
        "Y.S.R. Kadapa_AP",
        "Ballari_KA",
        "Telangana_TN",
        "Raichur_KA",
        "Prakasam_AP"
    ],
    "West Godavari_AP": [
        "East Godavari_AP",
        "Krishna_AP",
        "Telangana_TN"
    ],
    "Krishna_AP": [
        "Guntur_AP",
        "West Godavari_AP",
        "Telangana_TN"
    ],
    "Guntur_AP": [
        "Prakasam_AP",
        "Krishna_AP",
        "Telangana_TN"
    ],
    "Prakasam_AP": [
        "Y.S.R. Kadapa_AP",
        "Telangana_TN",
        "S.P.S. Nellore_AP",
        "Guntur_AP",
        "Kurnool_AP"
    ],
    "Y.S.R. Kadapa_AP": [
        "Anantapur_AP",
        "S.P.S. Nellore_AP",
        "Prakasam_AP",
        "Kurnool_AP",
        "Chittoor_AP"
    ],
    "West Garo Hills_ML": [
        "East Garo Hills_ML",
        "South West Garo Hills_ML",
        "South Garo Hills_ML",
        "North Garo Hills_ML",
        "Assam_AS"
    ],
    "Dimapur_NL": [
        "Peren_NL",
        "Kohima_NL",
        "Assam_AS"
    ],
    "Peren_NL": [
        "Assam_AS",
        "Kohima_NL",
        "Dimapur_NL",
        "Manipur_MN"
    ],
    "West Jaintia Hills_ML": [
        "East Khasi Hills_ML",
        "Ribhoi_ML",
        "East Jaintia Hills_ML",
        "Assam_AS"
    ],
    "East Jaintia Hills_ML": [
        "West Jaintia Hills_ML",
        "Assam_AS"
    ],
    "Aizawl_MZ": [
        "Champhai_MZ",
        "Serchhip_MZ",
        "Kolasib_MZ",
        "Mamit_MZ",
        "Assam_AS",
        "Lunglei_MZ",
        "Manipur_MN"
    ],
    "Kolasib_MZ": [
        "Mamit_MZ",
        "Aizawl_MZ",
        "Assam_AS"
    ],
    "Mamit_MZ": [
        "North Tripura_TR",
        "Kolasib_MZ",
        "Lunglei_MZ",
        "Aizawl_MZ",
        "Assam_AS"
    ],
    "North Tripura_TR": [
        "Mamit_MZ",
        "Dhalai_TR",
        "Assam_AS",
        "Unokoti_TR"
    ],
    "West Kameng_AR": [
        "Tawang_AR",
        "East Kameng_AR",
        "Pakke Kessang_AR",
        "Assam_AS"
    ],
    "Pakke Kessang_AR": [
        "Papum Pare_AR",
        "East Kameng_AR",
        "West Kameng_AR",
        "Assam_AS"
    ],
    "Kohima_NL": [
        "Phek_NL",
        "Dimapur_NL",
        "Peren_NL",
        "Zunheboto_NL",
        "Assam_AS",
        "Wokha_NL",
        "Manipur_MN"
    ],
    "Wokha_NL": [
        "Zunheboto_NL",
        "Kohima_NL",
        "Mokokchung_NL",
        "Assam_AS"
    ],
    "Mokokchung_NL": [
        "Tuensang_NL",
        "Zunheboto_NL",
        "Longleng_NL",
        "Wokha_NL",
        "Assam_AS"
    ],
    "Papum Pare_AR": [
        "Kra Daadi_AR",
        "Kurung Kumey_AR",
        "East Kameng_AR",
        "Lakhimpur Kheri_UP",
        "Pakke Kessang_AR",
        "Lower Subansiri_AR",
        "Assam_AS",
        "Kamle_AR"
    ],
    "Kamle_AR": [
        "Lower Siang_AR",
        "Kra Daadi_AR",
        "Papum Pare_AR",
        "Lakhimpur Kheri_UP",
        "Upper Subansiri_AR",
        "Lower Subansiri_AR",
        "Assam_AS"
    ],
    "East Siang_AR": [
        "Lower Siang_AR",
        "Upper Siang_AR",
        "Lower Dibang Valley_AR",
        "Siang_AR",
        "Assam_AS"
    ],
    "Lower Dibang Valley_AR": [
        "Upper Siang_AR",
        "Lohit_AR",
        "East Siang_AR",
        "Upper Dibang Valley_AR",
        "Assam_AS"
    ],
    "Lower Siang_AR": [
        "Upper Subansiri_AR",
        "East Siang_AR",
        "Siang_AR",
        "West Siang_AR",
        "Lepa Rada_AR",
        "Assam_AS",
        "Kamle_AR"
    ],
    "Changlang_AR": [
        "Namsai_AR",
        "Lohit_AR",
        "Tirap_AR",
        "Anjaw_AR",
        "Assam_AS"
    ],
    "Lohit_AR": [
        "Namsai_AR",
        "Lower Dibang Valley_AR",
        "Changlang_AR",
        "Anjaw_AR",
        "Assam_AS"
    ],
    "Tirap_AR": [
        "Changlang_AR",
        "Longding_AR",
        "Assam_AS"
    ],
    "Namsai_AR": [
        "Changlang_AR",
        "Lohit_AR",
        "Assam_AS"
    ],
    "Longding_AR": [
        "Tirap_AR",
        "Assam_AS",
        "Mon_NL"
    ],
    "Mon_NL": [
        "Longleng_NL",
        "Tuensang_NL",
        "Longding_AR",
        "Assam_AS"
    ],
    "Longleng_NL": [
        "Tuensang_NL",
        "Mokokchung_NL",
        "Assam_AS",
        "Mon_NL"
    ],
    "Dhalai_TR": [
        "North Tripura_TR",
        "Gomati_TR",
        "Khowai_TR",
        "Unokoti_TR"
    ],
    "Gomati_TR": [
        "South Tripura_TR",
        "Sipahijala_TR",
        "Khowai_TR",
        "Dhalai_TR"
    ],
    "Khowai_TR": [
        "Gomati_TR",
        "Sipahijala_TR",
        "Dhalai_TR",
        "West Tripura_TR"
    ],
    "Unokoti_TR": [
        "North Tripura_TR",
        "Dhalai_TR"
    ],
    "West Tripura_TR": [
        "Sipahijala_TR",
        "Khowai_TR"
    ],
    "Sipahijala_TR": [
        "South Tripura_TR",
        "Gomati_TR",
        "Khowai_TR",
        "West Tripura_TR"
    ],
    "South Tripura_TR": [
        "Gomati_TR",
        "Sipahijala_TR"
    ],
    "East Kameng_AR": [
        "Kurung Kumey_AR",
        "Papum Pare_AR",
        "West Kameng_AR",
        "Tawang_AR",
        "Pakke Kessang_AR"
    ],
    "Kurung Kumey_AR": [
        "Kra Daadi_AR",
        "Papum Pare_AR",
        "East Kameng_AR",
        "Upper Subansiri_AR"
    ],
    "Tawang_AR": [
        "West Kameng_AR",
        "East Kameng_AR"
    ],
    "Lower Subansiri_AR": [
        "Kra Daadi_AR",
        "Papum Pare_AR",
        "Kamle_AR"
    ],
    "Kra Daadi_AR": [
        "Kurung Kumey_AR",
        "Papum Pare_AR",
        "Upper Subansiri_AR",
        "Lower Subansiri_AR",
        "Kamle_AR"
    ],
    "Upper Subansiri_AR": [
        "Lower Siang_AR",
        "Kurung Kumey_AR",
        "Kra Daadi_AR",
        "Shi Yomi_AR",
        "West Siang_AR",
        "Lepa Rada_AR",
        "Kamle_AR"
    ],
    "West Siang_AR": [
        "Lower Siang_AR",
        "Shi Yomi_AR",
        "Upper Subansiri_AR",
        "Siang_AR",
        "Lepa Rada_AR"
    ],
    "Shi Yomi_AR": [
        "West Siang_AR",
        "Upper Siang_AR",
        "Siang_AR",
        "Upper Subansiri_AR"
    ],
    "Lepa Rada_AR": [
        "Lower Siang_AR",
        "West Siang_AR",
        "Upper Subansiri_AR"
    ],
    "Siang_AR": [
        "Lower Siang_AR",
        "Upper Siang_AR",
        "Shi Yomi_AR",
        "East Siang_AR",
        "West Siang_AR"
    ],
    "Upper Siang_AR": [
        "Shi Yomi_AR",
        "Lower Dibang Valley_AR",
        "East Siang_AR",
        "Siang_AR",
        "Upper Dibang Valley_AR"
    ],
    "Upper Dibang Valley_AR": [
        "Upper Siang_AR",
        "Lower Dibang Valley_AR"
    ],
    "Anjaw_AR": [
        "Changlang_AR",
        "Lohit_AR"
    ],
    "East Garo Hills_ML": [
        "West Garo Hills_ML",
        "West Khasi Hills_ML",
        "South Garo Hills_ML",
        "North Garo Hills_ML"
    ],
    "South Garo Hills_ML": [
        "West Garo Hills_ML",
        "West Khasi Hills_ML",
        "South West Khasi Hills_ML",
        "East Garo Hills_ML"
    ],
    "South West Khasi Hills_ML": [
        "East Khasi Hills_ML",
        "West Khasi Hills_ML",
        "South Garo Hills_ML"
    ],
    "South West Garo Hills_ML": [
        "West Garo Hills_ML",
        "Assam_AS"
    ],
    "East Khasi Hills_ML": [
        "West Jaintia Hills_ML",
        "West Khasi Hills_ML",
        "South West Khasi Hills_ML",
        "Ribhoi_ML"
    ],
    "Phek_NL": [
        "Kohima_NL",
        "Kiphire_NL",
        "Zunheboto_NL",
        "Manipur_MN"
    ],
    "Zunheboto_NL": [
        "Tuensang_NL",
        "Phek_NL",
        "Mokokchung_NL",
        "Kohima_NL",
        "Kiphire_NL",
        "Wokha_NL"
    ],
    "Kiphire_NL": [
        "Phek_NL",
        "Zunheboto_NL",
        "Tuensang_NL"
    ],
    "Tuensang_NL": [
        "Tuensang_NL",
        "Mon_NL",
        "Mokokchung_NL",
        "Zunheboto_NL",
        "Kiphire_NL",
        "Longleng_NL"
    ],
    "Lawngtlai_MZ": [
        "Saiha_MZ",
        "Lunglei_MZ"
    ],
    "Lunglei_MZ": [
        "Mamit_MZ",
        "Serchhip_MZ",
        "Lawngtlai_MZ",
        "Aizawl_MZ"
    ],
    "Saiha_MZ": [
        "Lawngtlai_MZ"
    ],
    "Serchhip_MZ": [
        "Lunglei_MZ",
        "Aizawl_MZ",
        "Champhai_MZ"
    ],
    "Champhai_MZ": [
        "Serchhip_MZ",
        "Aizawl_MZ",
        "Manipur_MN"
    ],
    "South 24 Parganas_WB": [
        "North 24 Parganas_WB",
        "Kolkata_WB",
        "Purba Medinipur_WB",
        "Howrah_WB"
    ],
    "Gir Somnath_GJ": [
        "Amreli_GJ",
        "Junagadh_GJ",
        "Diu_DN"
    ],
    "Diu_DN": [
        "Gir Somnath_GJ"
    ],
    "Devbhumi Dwarka_GJ": [
        "Jamnagar_GJ",
        "Porbandar_GJ"
    ],
    "Kolkata_WB": [
        "North 24 Parganas_WB",
        "South 24 Parganas_WB",
        "Howrah_WB"
    ]
}