101,1,nan,nan
101,2,-0.62,-0.21
101,3,-0.77,-0.34
101,4,-2.4,-0.43
101,5,-3.6,-0.45
101,6,-1.93,-0.5
101,7,-1.06,-0.48
102,1,nan,nan
102,2,10.65,12.63
102,3,7.49,5.17
102,4,-0.13,0.5
102,5,0.27,-0.25
102,6,0.7,-0.33
102,7,2.34,0.01
103,1,nan,nan
103,2,87.3,46.03
103,3,142.32,43.45
103,4,82.91,14.76
103,5,16.19,3.42
103,6,10.93,2.86
103,7,9.63,2.39
104,1,nan,nan
104,2,-0.53,-0.23
104,3,-0.61,-0.28
104,4,-0.8,-0.35
104,5,-0.77,-0.19
104,6,-0.42,0.32
104,7,-0.36,0.29
105,1,-0.64,nan
105,2,-0.42,nan
105,3,-0.43,nan
105,4,-0.47,1.51
105,5,-0.41,22.89
105,6,-0.42,6.09
105,7,-0.42,14.64
106,1,nan,nan
106,2,0.12,0.51
106,3,-0.47,0.02
106,4,-0.49,-0.28
106,5,0.75,0.77
106,6,0.32,0.76
106,7,0.04,0.52
107,1,nan,nan
107,2,1.97,-0.22
107,3,5.55,-0.2
107,4,7.34,-0.27
107,5,0.15,-0.41
107,6,-1.02,-0.6
107,7,-0.51,-0.6
108,1,nan,nan
108,2,-1.0,-1.0
108,3,1.89,-0.36
108,4,0.66,0.28
108,5,0.57,0.07
108,6,1.32,0.14
108,7,-0.78,-0.4
109,1,nan,nan
109,2,2.03,1.38
109,3,0.44,0.54
109,4,-0.15,0.52
109,5,0.15,0.06
109,6,2.59,0.38
109,7,2.4,0.61
110,1,-0.7,nan
110,2,-0.71,nan
110,3,-0.76,-0.52
110,4,-0.74,-0.46
110,5,-0.74,-0.56
110,6,-0.72,-0.5
110,7,-0.71,-0.06
111,1,nan,nan
111,2,-0.58,-0.23
111,3,-1.57,-0.35
111,4,-1.12,-0.43
111,5,-0.88,-0.3
111,6,-0.49,-0.2
111,7,-0.28,-0.19
112,1,nan,nan
112,2,nan,-0.45
112,3,0.05,-0.05
112,4,0.39,-0.32
112,5,-0.09,-0.53
112,6,-0.36,-0.71
112,7,0.02,-0.48
113,1,nan,nan
113,2,-0.4,-0.34
113,3,-0.46,-0.57
113,4,-0.17,0.55
113,5,3.68,3.38
113,6,1.23,2.01
113,7,0.2,0.93
114,1,nan,nan
114,2,-0.4,-0.19
114,3,1.08,-0.26
114,4,2.72,-0.28
114,5,1.71,0.26
114,6,0.19,1.05
114,7,-0.0,0.43
115,1,nan,nan
115,2,-0.71,-0.35
115,3,-1.14,-0.21
115,4,-2.33,-0.56
115,5,-1.73,-0.68
115,6,-0.94,-0.52
115,7,-0.8,-0.53
116,1,nan,nan
116,2,-0.82,-0.35
116,3,1.32,0.9
116,4,0.49,-0.26
116,5,-1.76,-0.64
116,6,-1.55,-0.46
116,7,-0.76,-0.26
117,1,nan,nan
117,2,-0.04,-0.23
117,3,0.19,-0.26
117,4,0.26,-0.35
117,5,0.77,-0.38
117,6,-0.0,-0.47
117,7,-0.24,-0.57
118,1,nan,nan
118,2,-1.12,-0.23
118,3,-2.49,-0.24
118,4,-0.21,-0.26
118,5,-0.78,-0.31
118,6,-0.43,-0.15
118,7,-0.43,-0.21
119,1,nan,nan
119,2,4.3,2.12
119,3,4.36,6.51
119,4,25.24,2.41
119,5,12.91,0.87
119,6,1.71,0.27
119,7,4.83,0.92
120,1,nan,nan
120,2,-1.35,-0.27
120,3,-1.05,-0.57
120,4,-1.89,-0.47
120,5,-1.08,-0.36
120,6,-0.34,-0.34
120,7,-0.67,-0.38
121,1,nan,nan
121,2,-0.56,-0.06
121,3,-0.64,-0.23
121,4,-0.68,-0.23
121,5,-0.97,-0.39
121,6,-1.08,-0.48
121,7,-1.06,-0.52
122,1,nan,nan
122,2,-0.29,-0.48
122,3,0.42,0.32
122,4,1.82,1.94
122,5,1.54,0.84
122,6,1.24,0.58
122,7,0.56,-0.55
123,1,nan,nan
123,2,11.0,6.2
123,3,1.88,2.26
123,4,-0.09,0.38
123,5,-0.15,-0.01
123,6,0.09,0.17
123,7,0.02,-0.18
124,1,nan,nan
124,2,-0.54,-0.37
124,3,-0.41,-0.44
124,4,-0.48,-0.63
124,5,-0.49,-0.35
124,6,-0.82,-0.78
124,7,-0.33,-0.38
125,1,nan,nan
125,2,nan,nan
125,3,-1.0,-0.27
125,4,-1.08,-0.44
125,5,-1.22,-0.35
125,6,-2.18,-0.47
125,7,-1.47,-0.47
126,1,nan,nan
126,2,-0.45,-0.23
126,3,-0.57,-0.29
126,4,-0.57,-0.39
126,5,-0.44,-0.5
126,6,-0.11,-0.28
126,7,-0.51,-0.33
127,1,nan,nan
127,2,1.0,-0.44
127,3,-5.03,-1.0
127,4,-1.57,-0.89
127,5,-1.07,-0.48
127,6,0.94,0.07
127,7,4.05,1.76
128,1,nan,nan
128,2,-0.42,-0.23
128,3,-0.85,-0.18
128,4,-0.26,-0.25
128,5,-1.31,-0.48
128,6,-1.36,-0.61
128,7,-1.08,-0.56
129,1,nan,-0.18
129,2,0.3,-0.23
129,3,1.22,-0.1
129,4,-1.24,-0.29
129,5,-1.39,-0.51
129,6,-0.83,-0.42
129,7,-0.75,-0.39
130,1,nan,nan
130,2,-1.01,-0.59
130,3,-1.43,-0.92
130,4,-0.98,-1.17
130,5,-0.76,-0.53
130,6,-0.76,-0.79
130,7,-0.69,-0.79
131,1,nan,nan
131,2,nan,-0.21
131,3,-0.44,-0.31
131,4,-0.26,-0.31
131,5,-2.03,-0.5
131,6,-1.95,-0.48
131,7,-1.21,-0.43
132,1,5.71,nan
132,2,246.88,nan
132,3,67.5,nan
132,4,35.25,nan
132,5,113.64,nan
132,6,86.23,nan
132,7,79.48,nan
133,1,nan,nan
133,2,-0.9,-0.35
133,3,-1.63,-0.79
133,4,-1.06,-0.48
133,5,-0.58,-0.56
133,6,-0.79,-0.44
133,7,0.57,-0.29
134,1,nan,nan
134,2,-0.12,0.32
134,3,-0.13,-0.46
134,4,1.49,-0.08
134,5,-0.56,-0.3
134,6,0.04,-0.27
134,7,1.42,-0.01
135,1,nan,nan
135,2,2.51,0.04
135,3,2.9,-0.05
135,4,1.89,0.1
135,5,1.0,0.1
135,6,-0.42,-0.09
135,7,-0.63,-0.31
136,1,nan,nan
136,2,-0.46,-0.35
136,3,0.05,0.45
136,4,0.85,-0.16
136,5,1.99,0.09
136,6,1.12,0.08
136,7,2.4,0.27
137,1,nan,nan
137,2,-0.69,-0.35
137,3,-0.08,0.12
137,4,-0.46,-0.26
137,5,-0.17,-0.09
137,6,-0.02,0.11
137,7,-0.29,-0.24
138,1,nan,nan
138,2,0.18,0.71
138,3,-0.48,-0.47
138,4,-1.02,-0.39
138,5,-0.53,-0.24
138,6,-0.46,-0.22
138,7,-0.91,-0.34
139,1,nan,nan
139,2,nan,-0.45
139,3,-0.75,-0.72
139,4,-0.19,-0.72
139,5,-1.24,-0.82
139,6,-2.19,-0.81
139,7,-1.23,-1.02
140,1,-0.41,nan
140,2,-0.41,-0.35
140,3,-0.43,-0.68
140,4,-0.42,0.07
140,5,-0.47,-0.46
140,6,-0.53,-0.65
140,7,-0.52,-0.61
141,1,nan,nan
141,2,-0.5,-0.35
141,3,0.23,-0.03
141,4,-0.63,-0.61
141,5,-0.25,-0.43
141,6,-0.15,-0.14
141,7,-0.65,-0.38
142,1,nan,nan
142,2,-0.42,-0.23
142,3,-0.54,-0.32
142,4,-0.58,-0.36
142,5,-0.45,-0.4
142,6,-0.47,-0.46
142,7,-0.53,-0.38
143,1,nan,nan
143,2,nan,-0.37
143,3,5.92,0.25
143,4,0.73,-0.34
143,5,0.62,-0.36
143,6,0.73,-0.41
143,7,-0.74,-0.59
144,1,nan,nan
144,2,8.41,2.69
144,3,2.8,0.9
144,4,0.3,0.14
144,5,0.13,-0.13
144,6,0.21,0.14
144,7,-0.28,-0.07
145,1,nan,nan
145,2,-0.42,-0.5
145,3,-0.75,-0.64
145,4,0.72,0.52
145,5,0.21,0.22
145,6,0.48,0.62
145,7,0.45,0.19
146,1,nan,nan
146,2,-0.7,-0.35
146,3,-0.84,-0.37
146,4,-1.16,-0.47
146,5,1.96,0.76
146,6,0.62,0.14
146,7,0.34,-0.27
147,1,nan,nan
147,2,nan,-0.21
147,3,0.83,0.59
147,4,-0.94,-0.77
147,5,-1.24,-0.4
147,6,-0.98,-0.34
147,7,-0.75,-0.19
148,1,nan,nan
148,2,nan,-0.21
148,3,-0.36,0.19
148,4,1.02,1.62
148,5,-0.42,-0.19
148,6,-0.49,-0.24
148,7,-0.53,-0.26
149,1,nan,nan
149,2,-0.38,-0.21
149,3,-0.19,-0.04
149,4,1.33,0.32
149,5,-0.91,-0.36
149,6,-1.59,-0.47
149,7,-0.76,-0.45
150,1,nan,nan
150,2,-0.7,-0.35
150,3,-0.74,-0.52
150,4,-1.15,-0.62
150,5,-0.97,-0.62
150,6,-1.0,-0.48
150,7,-0.4,-0.47
151,1,nan,nan
151,2,nan,-0.21
151,3,-0.56,-0.1
151,4,-1.54,-0.6
151,5,-0.63,-0.33
151,6,-0.66,-0.37
151,7,-0.74,-0.42
152,1,nan,nan
152,2,-0.45,-0.23
152,3,-0.62,-0.19
152,4,-1.02,-0.27
152,5,0.4,-0.21
152,6,-0.3,-0.42
152,7,1.19,-0.28
153,1,nan,nan
153,2,nan,-0.27
153,3,-0.24,-0.77
153,4,-1.13,-0.69
153,5,0.79,-0.54
153,6,1.07,-0.53
153,7,1.66,-0.44
154,1,nan,nan
154,2,-0.37,-0.18
154,3,-1.22,-0.9
154,4,-1.25,-0.54
154,5,-0.53,-0.27
154,6,-0.09,0.6
154,7,-0.54,-0.23
155,1,nan,nan
155,2,-0.35,-0.44
155,3,1.05,0.4
155,4,0.15,-0.48
155,5,-0.43,-0.57
155,6,-0.2,-0.65
155,7,-0.06,-0.53
156,1,-0.4,nan
156,2,-0.4,nan
156,3,-0.46,-0.44
156,4,-0.36,-0.42
156,5,-0.52,-0.47
156,6,-0.5,-0.48
156,7,0.23,-0.19
157,1,nan,nan
157,2,7.0,-0.27
157,3,-0.57,-0.67
157,4,-0.63,-0.73
157,5,-0.97,-0.69
157,6,-0.8,-0.63
157,7,0.87,-0.31
158,1,nan,nan
158,2,-0.49,-0.35
158,3,1.19,1.02
158,4,-0.04,-0.12
158,5,-0.26,-0.01
158,6,-0.24,0.21
158,7,-0.26,0.19
159,1,nan,nan
159,2,9.5,2.35
159,3,0.45,0.7
159,4,1.68,2.09
159,5,-0.09,0.52
159,6,-0.51,0.06
159,7,-0.53,-0.19
160,1,nan,nan
160,2,-0.58,-0.37
160,3,-0.75,-0.69
160,4,-0.47,-0.63
160,5,-0.76,-0.73
160,6,-0.57,-0.58
160,7,-0.32,-0.08
161,1,nan,nan
161,2,0.0,-0.2
161,3,-0.32,-0.4
161,4,1.4,-0.06
161,5,5.86,1.26
161,6,4.35,0.89
161,7,1.64,0.53
162,1,nan,nan
162,2,-0.4,-0.37
162,3,-0.62,-0.65
162,4,0.6,-0.4
162,5,1.54,-0.32
162,6,0.94,-0.27
162,7,3.35,0.47
163,1,nan,nan
163,2,-0.55,-0.41
163,3,-0.68,-0.36
163,4,-0.38,-0.06
163,5,-0.25,0.32
163,6,-0.38,-0.25
163,7,-0.49,-0.42
164,1,nan,nan
164,2,-0.59,-0.67
164,3,-1.22,-0.9
164,4,-0.77,-0.65
164,5,-0.62,-0.57
164,6,-0.6,-0.48
164,7,-0.8,-0.72
165,1,nan,nan
165,2,-0.64,-0.19
165,3,-0.59,-0.26
165,4,-0.62,-0.19
165,5,-0.47,0.32
165,6,-0.65,-0.14
165,7,-0.73,-0.27
166,1,nan,nan
166,2,-0.46,-0.21
166,3,-0.39,-0.86
166,4,-0.88,-0.93
166,5,-0.4,-0.09
166,6,-0.42,-0.11
166,7,-0.21,-0.34
167,1,nan,nan
167,2,-0.75,-0.35
167,3,2.7,0.97
167,4,1.44,-0.09
167,5,-0.05,-0.26
167,6,0.17,-0.17
167,7,-0.07,-0.32
168,1,nan,nan
168,2,0.62,-0.48
168,3,0.34,-0.54
168,4,-0.13,-0.59
168,5,1.32,-0.4
168,6,5.83,0.2
168,7,3.12,0.41
169,1,nan,nan
169,2,-0.51,-0.26
169,3,-0.54,-0.29
169,4,-0.56,-0.38
169,5,-0.79,-0.44
169,6,-0.57,-0.42
169,7,-0.87,-0.55
170,1,nan,nan
170,2,-0.61,-0.29
170,3,1.98,3.35
170,4,-0.28,0.5
170,5,-0.32,0.15
170,6,0.01,0.75
170,7,-0.24,-0.03
171,1,-0.33,nan
171,2,-0.31,3.81
171,3,-0.33,0.04
171,4,-0.35,-0.31
171,5,-0.28,-0.08
171,6,-0.05,0.14
171,7,-0.13,0.16
172,1,nan,nan
172,2,-0.53,-0.5
172,3,-0.79,-0.96
172,4,-0.44,-0.38
172,5,-0.4,-0.17
172,6,-0.44,-0.38
172,7,-0.42,-0.3
173,1,nan,nan
173,2,nan,2.68
173,3,18.14,1.61
173,4,179.64,13.52
173,5,82.97,37.66
173,6,121.11,21.09
173,7,78.64,21.61
174,1,nan,nan
174,2,-1.12,-0.23
174,3,-0.58,-0.26
174,4,-0.55,-0.31
174,5,-0.53,-0.29
174,6,-0.35,-0.16
174,7,-0.3,-0.2
175,1,nan,nan
175,2,-0.67,-0.35
175,3,-1.2,-0.48
175,4,-1.19,-0.42
175,5,-1.75,-0.36
175,6,-1.28,-0.56
175,7,-1.07,-0.58
176,1,nan,nan
176,2,-0.58,0.46
176,3,-0.33,0.42
176,4,-1.32,-0.26
176,5,-0.92,-0.28
176,6,0.14,-0.15
176,7,1.24,-0.0
177,1,nan,nan
177,2,-0.43,-0.59
177,3,1.72,1.69
177,4,2.49,1.91
177,5,5.6,0.8
177,6,1.46,0.4
177,7,1.98,0.68
178,1,nan,nan
178,2,-0.42,-0.25
178,3,-0.51,-0.29
178,4,-0.49,-0.39
178,5,-0.53,-0.47
178,6,-0.51,-0.62
178,7,-0.51,-0.6
179,1,nan,nan
179,2,-0.44,-0.37
179,3,0.39,-0.18
179,4,5.69,3.61
179,5,0.11,0.24
179,6,-0.03,-0.07
179,7,-0.75,-0.46
180,1,nan,nan
180,2,-1.21,-0.22
180,3,-0.99,-0.24
180,4,-0.76,-0.19
180,5,-0.65,-0.14
180,6,-0.75,-0.24
180,7,-0.75,-0.28
181,1,nan,nan
181,2,-0.7,-0.18
181,3,-0.7,-0.2
181,4,-0.69,-0.22
181,5,-0.36,0.15
181,6,-0.28,0.25
181,7,-0.24,0.19
182,1,nan,nan
182,2,-0.6,-0.27
182,3,-0.19,-0.32
182,4,0.16,-0.45
182,5,-0.01,-0.38
182,6,1.14,0.23
182,7,-0.64,-0.4
183,1,nan,nan
183,2,-0.44,-0.23
183,3,-0.38,-0.16
183,4,-0.41,0.25
183,5,-0.96,-0.19
183,6,-1.38,-0.45
183,7,-1.13,-0.51
184,1,nan,nan
184,2,nan,-0.39
184,3,-0.5,-0.32
184,4,1.1,-0.17
184,5,-0.23,-0.5
184,6,-0.14,-0.82
184,7,0.16,-0.75
185,1,nan,nan
185,2,-0.08,0.78
185,3,-0.49,-0.34
185,4,-0.15,-0.19
185,5,-0.38,0.22
185,6,-0.45,-0.14
185,7,-0.54,-0.55
186,1,nan,nan
186,2,8.11,1.95
186,3,245.17,3.05
186,4,44.59,7.0
186,5,45.79,7.23
186,6,29.42,4.03
186,7,22.47,3.63
187,1,-0.5,nan
187,2,-0.51,-0.5
187,3,-0.47,0.74
187,4,-0.5,0.06
187,5,-0.52,-0.23
187,6,-0.65,-0.4
187,7,-0.72,-0.46
188,1,-0.45,nan
188,2,-0.45,-0.21
188,3,-0.48,-0.98
188,4,-0.49,-0.98
188,5,-0.47,-0.33
188,6,-0.47,-0.26
188,7,-0.47,-0.43
189,1,nan,nan
189,2,-0.19,-0.12
189,3,-0.49,-0.13
189,4,-0.29,-0.07
189,5,-0.92,-0.4
189,6,-0.87,-0.35
189,7,-1.21,-0.21
190,1,nan,nan
190,2,-0.47,-0.41
190,3,-0.51,-0.47
190,4,-0.16,-0.13
190,5,0.51,1.03
190,6,0.67,0.94
190,7,0.24,0.25
191,1,nan,nan
191,2,nan,-0.21
191,3,0.79,1.99
191,4,0.01,0.5
191,5,6.12,0.5
191,6,4.91,0.21
191,7,4.75,0.51
192,1,nan,nan
192,2,-0.5,nan
192,3,-0.76,-0.2
192,4,-1.05,-0.5
192,5,-0.87,-0.66
192,6,-0.9,-0.31
192,7,-0.92,-0.31
193,1,nan,nan
193,2,-0.44,nan
193,3,2.28,-0.21
193,4,2.44,-0.46
193,5,-0.39,-0.53
193,6,0.08,-0.55
193,7,0.1,-0.6
194,1,nan,nan
194,2,nan,-0.23
194,3,-0.94,-0.39
194,4,-4.25,-0.69
194,5,-0.98,-0.35
194,6,-0.41,0.01
194,7,2.85,0.53
195,1,nan,nan
195,2,-0.49,-0.18
195,3,-0.5,-0.22
195,4,-0.53,-0.29
195,5,-0.89,-0.45
195,6,-1.11,-0.52
195,7,-1.16,-0.54
196,1,nan,nan
196,2,nan,-0.37
196,3,-0.16,-0.34
196,4,-1.58,-0.81
196,5,-1.31,-0.46
196,6,-1.22,-0.8
196,7,-0.81,-0.54
197,1,nan,nan
197,2,-0.47,-0.2
197,3,-1.04,-0.72
197,4,-1.03,-0.4
197,5,-1.08,-0.53
197,6,-0.78,-0.33
197,7,-0.79,-0.29
198,1,nan,nan
198,2,-0.19,0.17
198,3,-0.57,-0.02
198,4,-0.92,0.27
198,5,-0.29,0.28
198,6,-0.01,0.38
198,7,0.39,0.18
199,1,nan,nan
199,2,0.23,0.67
199,3,-0.68,-0.11
199,4,-0.17,1.06
199,5,-0.39,-0.08
199,6,-0.58,-0.39
199,7,-0.53,-0.32
200,1,nan,nan
200,2,-0.84,-0.26
200,3,-1.03,-0.29
200,4,-0.54,-0.37
200,5,-0.31,-0.41
200,6,-0.32,-0.54
200,7,-0.25,-0.56
201,1,nan,nan
201,2,-1.17,-0.41
201,3,-1.21,-0.74
201,4,-1.34,-0.73
201,5,-0.56,-0.67
201,6,-0.7,-0.59
201,7,-0.32,-0.23
202,1,nan,nan
202,2,-1.28,-0.21
202,3,0.45,0.65
202,4,-0.58,-0.04
202,5,-0.77,-0.44
202,6,-0.74,-0.53
202,7,-0.78,-0.57
203,1,nan,nan
203,2,0.57,1.74
203,3,-0.35,-0.22
203,4,-0.55,-0.62
203,5,-0.69,-0.23
203,6,0.16,-0.18
203,7,-0.99,-0.64
204,1,nan,nan
204,2,-0.65,-0.5
204,3,-0.64,-1.07
204,4,-0.85,-0.49
204,5,-0.62,-0.34
204,6,-0.48,-0.45
204,7,-0.63,-0.5
205,1,nan,nan
205,2,nan,nan
205,3,-0.59,-0.32
205,4,-0.94,-0.38
205,5,-1.22,-0.59
205,6,0.01,0.15
205,7,-0.85,-0.4
206,1,nan,nan
206,2,nan,-0.45
206,3,-0.76,-0.76
206,4,-0.42,-0.77
206,5,-1.16,-0.82
206,6,-0.15,-0.71
206,7,-1.23,-0.97
207,1,nan,nan
207,2,-0.58,-0.45
207,3,-1.03,-0.78
207,4,-1.45,-0.93
207,5,-1.04,-0.69
207,6,-0.99,-0.8
207,7,-1.12,-0.78
208,1,-0.7,nan
208,2,-0.7,nan
208,3,-0.71,nan
208,4,-0.73,-0.78
208,5,-0.85,-0.48
208,6,-0.82,-0.66
208,7,-0.77,-0.59
209,1,nan,nan
209,2,-0.6,-0.35
209,3,-1.02,-0.75
209,4,-0.08,-0.27
209,5,-0.22,-0.07
209,6,-0.52,-0.34
209,7,-0.4,-0.38
210,1,nan,nan
210,2,4.13,nan
210,3,23.82,nan
210,4,0.79,nan
210,5,1.55,nan
210,6,1.68,nan
210,7,28.67,nan
211,1,-0.45,nan
211,2,-0.48,-0.26
211,3,-0.58,-0.29
211,4,-0.48,-0.39
211,5,-0.48,-0.46
211,6,-0.58,-0.55
211,7,-0.53,-0.39
212,1,-0.5,nan
212,2,-0.5,nan
212,3,-0.5,9.8
212,4,-0.47,7.51
212,5,-0.49,0.66
212,6,-0.49,1.1
212,7,-0.49,0.45
213,1,nan,nan
213,2,-0.58,-0.39
213,3,-1.69,-0.44
213,4,-1.77,-0.46
213,5,-2.61,-0.76
213,6,-1.84,-1.41
213,7,-3.31,-1.46
214,1,nan,nan
214,2,-0.5,-0.23
214,3,-1.6,-0.82
214,4,-0.99,-0.4
214,5,-0.85,-0.13
214,6,-1.01,-0.62
214,7,-0.62,-0.51
215,1,nan,-0.18
215,2,151.0,2.19
215,3,51.19,42.85
215,4,63.34,18.26
215,5,22.78,4.74
215,6,19.6,2.91
215,7,15.28,1.78
216,1,nan,nan
216,2,-0.47,-0.23
216,3,-0.3,-0.28
216,4,-0.37,-0.29
216,5,-0.29,-0.11
216,6,-0.61,-0.35
216,7,-0.42,-0.22
217,1,nan,nan
217,2,-0.63,-0.23
217,3,-0.67,-0.33
217,4,-0.52,-0.23
217,5,-0.64,-0.39
217,6,-0.51,-0.33
217,7,-0.49,-0.43
218,1,nan,nan
218,2,-0.61,-0.23
218,3,-0.46,-0.23
218,4,-0.54,-0.3
218,5,-0.74,-0.48
218,6,-1.01,-0.58
218,7,-0.96,-0.55
219,1,nan,nan
219,2,-0.99,-0.5
219,3,0.55,0.35
219,4,-0.79,-0.43
219,5,-0.8,-0.24
219,6,-0.86,-0.39
219,7,-0.91,-0.34
220,1,nan,nan
220,2,-0.83,-0.5
220,3,-1.39,-0.85
220,4,-0.76,-0.45
220,5,-0.96,-0.31
220,6,-1.5,-0.34
220,7,-1.34,-0.25
221,1,nan,nan
221,2,-0.82,-0.5
221,3,-0.63,-0.61
221,4,-0.9,-0.51
221,5,-0.87,-0.35
221,6,-1.03,-0.41
221,7,-1.21,-0.28
222,1,nan,nan
222,2,-0.66,-0.35
222,3,-0.22,-0.53
222,4,-0.07,-0.55
222,5,-0.62,-0.68
222,6,-0.51,-0.6
222,7,-0.44,-0.48
223,1,nan,nan
223,2,0.41,-0.51
223,3,-0.01,0.57
223,4,-0.08,0.24
223,5,0.89,-0.08
223,6,1.58,0.56
223,7,1.55,0.85
224,1,nan,nan
224,2,0.97,0.2
224,3,-0.08,-0.12
224,4,-0.85,-0.67
224,5,-1.26,-0.74
224,6,-0.45,-0.46
224,7,-0.19,-0.26
225,1,nan,nan
225,2,-0.55,-0.41
225,3,-0.29,-0.38
225,4,-0.18,-0.17
225,5,-0.53,-0.42
225,6,-0.98,-0.67
225,7,-0.29,-0.32
226,1,nan,-0.18
226,2,-0.51,-0.24
226,3,-0.63,-0.26
226,4,1.77,-0.25
226,5,9.63,-0.12
226,6,7.31,0.37
226,7,9.1,0.77
227,1,-0.7,nan
227,2,-0.71,nan
227,3,-0.61,-0.36
227,4,-0.71,-0.39
227,5,-0.72,-0.49
227,6,-0.7,-0.4
227,7,-0.68,0.11
228,1,nan,-0.18
228,2,-0.23,-0.23
228,3,2.09,-0.07
228,4,1.17,-0.22
228,5,0.3,-0.35
228,6,1.86,0.16
228,7,2.83,0.46
229,1,nan,nan
229,2,-0.4,-0.37
229,3,0.23,0.48
229,4,1.38,1.56
229,5,0.72,0.42
229,6,0.86,1.64
229,7,0.79,1.84
230,1,nan,nan
230,2,-0.73,nan
230,3,-0.74,nan
230,4,-0.84,1.3
230,5,-0.99,0.74
230,6,-1.02,1.9
230,7,-0.99,1.25
231,1,nan,nan
231,2,-0.44,-0.23
231,3,-0.11,-0.22
231,4,-0.08,-0.3
231,5,4.78,-0.23
231,6,0.72,-0.28
231,7,-0.45,-0.42
232,1,nan,nan
232,2,nan,-0.21
232,3,-0.5,-0.98
232,4,0.3,-0.92
232,5,0.2,-0.22
232,6,-1.27,-0.38
232,7,0.53,-0.4
233,1,nan,nan
233,2,nan,nan
233,3,-17.53,-0.49
233,4,-0.71,-0.43
233,5,-0.79,-0.35
233,6,0.92,-0.3
233,7,10.0,-0.57
234,1,nan,nan
234,2,1.38,0.23
234,3,0.3,0.3
234,4,0.84,0.28
234,5,3.69,0.15
234,6,1.3,-0.02
234,7,2.11,0.12
235,1,nan,nan
235,2,nan,nan
235,3,nan,-1.0
235,4,nan,0.74
235,5,nan,1.3
235,6,nan,0.38
235,7,nan,0.78
236,1,nan,nan
236,2,-0.45,-0.23
236,3,-0.53,-0.27
236,4,-0.8,-0.37
236,5,-0.53,-0.32
236,6,-0.3,-0.18
236,7,-0.18,-0.07
237,1,nan,nan
237,2,-0.58,-0.23
237,3,-0.69,-0.24
237,4,-0.82,-0.31
237,5,-0.77,-0.53
237,6,-0.74,-0.66
237,7,-0.82,-0.65
238,1,nan,nan
238,2,1.03,0.17
238,3,-0.08,-0.12
238,4,0.21,0.64
238,5,-0.58,-0.45
238,6,-2.02,-0.43
238,7,-1.26,-0.33
239,1,nan,nan
239,2,nan,nan
239,3,-0.48,-0.49
239,4,3.13,-0.12
239,5,3.37,-0.15
239,6,2.7,-0.25
239,7,1.11,-0.33
240,1,nan,nan
240,2,-0.5,-0.23
240,3,-0.86,-0.32
240,4,-1.13,-0.37
240,5,-0.92,-0.26
240,6,-0.89,-0.15
240,7,-0.85,-0.21
241,1,nan,nan
241,2,-0.56,-0.41
241,3,-0.49,-0.63
241,4,-0.82,-0.51
241,5,-0.79,-0.62
241,6,-0.79,-0.68
241,7,-0.62,-0.55
242,1,nan,nan
242,2,nan,-0.02
242,3,10.27,0.74
242,4,-0.23,-0.33
242,5,-0.06,-0.21
242,6,0.29,0.01
242,7,0.54,-0.03
243,1,nan,nan
243,2,1.02,3.31
243,3,5.8,2.33
243,4,2.96,3.59
243,5,1.73,1.81
243,6,1.02,1.56
243,7,2.73,3.5
244,1,nan,nan
244,2,364.01,nan
244,3,75.87,nan
244,4,43.22,nan
244,5,29.17,nan
244,6,27.19,nan
244,7,36.59,nan
245,1,nan,nan
245,2,-0.17,-0.09
245,3,0.35,-0.36
245,4,-1.14,-0.73
245,5,-1.34,-0.49
245,6,-1.75,-0.95
245,7,-6.8,-0.76
246,1,nan,nan
246,2,-0.75,-0.23
246,3,-0.75,-0.74
246,4,-0.36,-0.49
246,5,-0.3,-0.21
246,6,0.5,-0.23
246,7,-0.2,-0.36
247,1,nan,nan
247,2,-0.6,-0.35
247,3,1.53,0.18
247,4,-0.51,-0.29
247,5,-0.2,0.08
247,6,0.03,0.32
247,7,-0.1,0.0
248,1,nan,nan
248,2,nan,-0.23
248,3,-0.74,-0.24
248,4,-0.99,-0.3
248,5,-1.13,-0.53
248,6,-1.04,-0.55
248,7,-0.81,-0.45
249,1,nan,nan
249,2,-0.48,-0.21
249,3,-0.49,-0.12
249,4,-0.29,0.09
249,5,-0.5,-0.22
249,6,-0.48,-0.33
249,7,-0.49,-0.31
250,1,nan,nan
250,2,-0.58,-0.4
250,3,13.37,9.95
250,4,-0.72,-0.72
250,5,0.24,-0.16
250,6,-1.31,-0.5
250,7,11.9,-0.11
251,1,nan,nan
251,2,nan,-0.21
251,3,-0.82,-0.8
251,4,-0.78,-0.93
251,5,-0.58,-0.42
251,6,-0.56,-0.35
251,7,-0.47,-0.23
252,1,nan,nan
252,2,-0.5,-0.23
252,3,2.13,1.17
252,4,1.96,0.47
252,5,0.19,-0.02
252,6,1.37,1.0
252,7,-0.64,-0.14
253,1,nan,nan
253,2,-0.36,0.04
253,3,-0.45,-0.1
253,4,-0.48,-0.21
253,5,-0.51,-0.21
253,6,-0.45,-0.12
253,7,-0.43,-0.09
254,1,nan,-0.18
254,2,-0.6,-0.24
254,3,-0.9,-0.25
254,4,-0.83,-0.29
254,5,-0.94,-0.49
254,6,-1.3,-0.54
254,7,-1.32,-0.44
255,1,nan,nan
255,2,-0.63,-0.5
255,3,-0.48,-0.62
255,4,5.82,-0.14
255,5,2.63,0.01
255,6,1.0,-0.0
255,7,0.52,-0.06
256,1,nan,nan
256,2,-0.62,-0.37
256,3,-0.91,-0.53
256,4,-0.98,-0.55
256,5,-1.24,-0.38
256,6,-0.58,-0.44
256,7,-0.74,-0.35
257,1,nan,nan
257,2,-0.42,-0.17
257,3,-0.75,-0.56
257,4,0.19,0.97
257,5,-0.54,-0.2
257,6,0.66,-0.16
257,7,-0.16,-0.34
258,1,nan,nan
258,2,-0.63,-0.26
258,3,-0.4,-0.28
258,4,-0.05,-0.27
258,5,-0.29,-0.35
258,6,-0.27,-0.37
258,7,-0.03,-0.36
259,1,-0.7,nan
259,2,-0.71,nan
259,3,-0.68,4.86
259,4,-0.72,0.6
259,5,-0.69,4.12
259,6,-0.68,4.88
259,7,-0.7,2.38
260,1,nan,-0.18
260,2,-0.64,-0.24
260,3,0.01,-0.23
260,4,-0.36,-0.25
260,5,-0.23,-0.32
260,6,0.33,-0.25
260,7,1.16,-0.25
261,1,nan,nan
261,2,-0.45,-0.23
261,3,-0.52,-0.28
261,4,-0.7,-0.4
261,5,-0.59,-0.55
261,6,-0.52,-0.51
261,7,-0.67,-0.46
262,1,nan,nan
262,2,nan,nan
262,3,nan,-1.0
262,4,nan,-14.33
262,5,nan,-14.41
262,6,nan,-5.43
262,7,nan,-17.0
263,1,nan,nan
263,2,-0.45,-0.55
263,3,-0.9,-1.1
263,4,-0.71,-0.93
263,5,-0.38,-0.59
263,6,-0.77,-0.74
263,7,-0.72,-0.47
264,1,nan,nan
264,2,-0.66,-0.23
264,3,-0.71,-0.78
264,4,-0.98,-0.93
264,5,-1.11,-0.64
264,6,-0.65,-0.56
264,7,-0.62,-0.49
265,1,nan,nan
265,2,-1.22,-0.41
265,3,1.03,0.68
265,4,0.34,-0.55
265,5,-0.42,-0.63
265,6,0.03,-0.56
265,7,0.79,-0.39
266,1,nan,nan
266,2,nan,-0.21
266,3,-0.67,-0.39
266,4,0.29,0.79
266,5,-0.1,0.65
266,6,0.12,1.1
266,7,0.07,1.1
267,1,nan,nan
267,2,-1.21,-0.59
267,3,1.51,0.06
267,4,-0.4,-0.49
267,5,0.27,-0.06
267,6,1.62,0.86
267,7,0.8,0.63
268,1,nan,nan
268,2,nan,nan
268,3,-1.15,-0.69
268,4,-0.58,-0.78
268,5,-0.79,-0.42
268,6,-0.18,-0.25
268,7,0.07,-0.32
269,1,-0.5,nan
269,2,-0.5,-0.64
269,3,-0.3,0.42
269,4,-0.39,0.58
269,5,0.33,2.95
269,6,0.71,3.36
269,7,0.4,2.36
270,1,-1.0,nan
270,2,-1.0,nan
270,3,-1.0,-0.69
270,4,-1.0,-0.42
270,5,-1.0,-0.33
270,6,-1.0,-0.47
270,7,-1.0,-0.41
271,1,nan,nan
271,2,nan,nan
271,3,-0.5,-0.27
271,4,-0.77,-0.44
271,5,-0.43,-0.13
271,6,-0.14,0.63
271,7,-0.58,-0.33
272,1,nan,nan
272,2,nan,nan
272,3,15.7,5.3
272,4,4.13,4.78
272,5,16.45,23.74
272,6,21.12,8.98
272,7,8.07,10.62
273,1,-0.5,nan
273,2,-0.5,nan
273,3,-0.5,-0.27
273,4,-0.5,0.15
273,5,-0.5,0.03
273,6,-0.49,1.05
273,7,-0.5,-0.18
274,1,nan,nan
274,2,nan,-0.23
274,3,12.66,4.4
274,4,3.19,3.18
274,5,8.44,3.4
274,6,4.15,3.74
274,7,2.2,2.12
275,1,nan,nan
275,2,-0.79,-1.0
275,3,-0.05,-0.85
275,4,-0.38,-0.24
275,5,-0.06,0.29
275,6,-0.0,0.24
275,7,-0.07,0.65
276,1,nan,-0.18
276,2,-0.54,-0.24
276,3,-0.54,-0.26
276,4,-0.4,-0.29
276,5,-0.58,-0.5
276,6,-0.21,-0.36
276,7,-0.25,-0.27
277,1,nan,nan
277,2,-0.56,-0.27
277,3,-0.61,-0.67
277,4,-0.9,-0.37
277,5,-0.82,-0.62
277,6,-0.57,-0.53
277,7,-0.55,-0.47
278,1,nan,nan
278,2,-0.54,-0.35
278,3,-0.48,-0.39
278,4,0.64,0.14
278,5,0.21,-0.42
278,6,2.43,-0.2
278,7,0.9,-0.18
279,1,-0.58,nan
279,2,-0.58,1.23
279,3,-0.58,1.64
279,4,-0.54,3.09
279,5,-0.45,5.29
279,6,-0.45,3.72
279,7,-0.52,1.97
280,1,nan,nan
280,2,1.51,-0.39
280,3,0.54,-0.38
280,4,-0.7,-0.6
280,5,-0.53,-0.53
280,6,-0.95,-0.52
280,7,0.35,-0.16
281,1,nan,nan
281,2,-0.59,-0.35
281,3,0.29,-0.56
281,4,-0.14,-0.29
281,5,-0.85,-0.52
281,6,-0.41,-0.43
281,7,-0.44,-0.42
282,1,nan,nan
282,2,-0.45,-0.39
282,3,-0.73,-0.43
282,4,-0.27,-0.43
282,5,-0.48,-0.64
282,6,-0.33,-0.81
282,7,-0.32,-0.94
283,1,nan,nan
283,2,-0.9,-0.67
283,3,-0.47,-0.38
283,4,-1.06,-0.49
283,5,-0.99,-0.46
283,6,-1.02,-0.58
283,7,-1.37,-0.95
284,1,nan,nan
284,2,-0.41,-0.35
284,3,0.02,-0.36
284,4,-0.28,-0.45
284,5,-0.35,-0.47
284,6,-0.36,-0.43
284,7,-0.42,-0.45
285,1,nan,nan
285,2,-0.82,-0.67
285,3,0.64,-0.53
285,4,-0.35,-0.59
285,5,-0.13,-0.55
285,6,-0.16,-0.67
285,7,0.79,-0.53
286,1,nan,nan
286,2,-0.97,-0.58
286,3,-0.76,-0.59
286,4,-0.38,-0.55
286,5,-0.1,-0.3
286,6,0.14,-0.17
286,7,-0.5,-0.59
287,1,nan,nan
287,2,0.09,1.88
287,3,0.18,1.12
287,4,0.21,0.14
287,5,-1.47,-0.61
287,6,-0.73,-0.46
287,7,0.18,-0.23
288,1,nan,nan
288,2,-0.42,-0.26
288,3,-0.3,-0.7
288,4,-0.47,-0.35
288,5,-0.83,-0.28
288,6,-0.89,-0.26
288,7,-0.7,-0.23
289,1,-0.36,nan
289,2,-0.35,-0.26
289,3,-0.34,-0.29
289,4,-0.39,-0.39
289,5,-0.36,-0.47
289,6,-0.39,-0.64
289,7,-0.45,-0.69
290,1,nan,nan
290,2,-0.57,-0.37
290,3,-0.43,-0.3
290,4,0.26,1.16
290,5,-0.85,0.09
290,6,-1.04,-0.39
290,7,-0.82,-0.65
291,1,nan,nan
291,2,-0.79,-0.55
291,3,-1.04,-0.93
291,4,-1.76,-0.99
291,5,-0.62,-0.42
291,6,-0.53,0.16
291,7,-0.13,0.03
292,1,nan,nan
292,2,-0.44,-0.07
292,3,-0.46,-0.1
292,4,-0.42,-0.06
292,5,-0.27,-0.03
292,6,-0.19,-0.07
292,7,-0.11,-0.05
293,1,nan,nan
293,2,nan,-0.41
293,3,-1.89,-0.72
293,4,-0.61,-0.63
293,5,-0.68,-0.61
293,6,-0.68,-0.57
293,7,-1.03,-0.58
294,1,nan,nan
294,2,-0.66,-0.37
294,3,11.38,7.34
294,4,3.15,5.53
294,5,3.09,13.4
294,6,0.18,2.28
294,7,-0.47,0.18
295,1,nan,nan
295,2,-0.5,-0.23
295,3,0.23,1.38
295,4,-0.65,-0.43
295,5,-0.4,-0.06
295,6,-0.45,-0.38
295,7,-1.37,-0.49
296,1,nan,nan
296,2,nan,-0.21
296,3,-0.86,-0.69
296,4,-0.51,-0.58
296,5,-0.49,-0.37
296,6,-0.58,-0.41
296,7,-0.52,-0.35
297,1,-0.41,nan
297,2,-0.39,1.55
297,3,-0.38,3.37
297,4,-0.37,8.44
297,5,-0.34,2.1
297,6,-0.35,0.32
297,7,-0.35,0.62
298,1,nan,nan
298,2,-0.63,-0.59
298,3,0.3,-0.32
298,4,0.37,-0.36
298,5,2.47,0.65
298,6,2.32,0.16
298,7,1.18,-0.07
299,1,-0.5,nan
299,2,-0.5,-0.04
299,3,-0.49,2.59
299,4,-0.48,4.48
299,5,-0.39,2.56
299,6,-0.36,0.58
299,7,-0.44,0.61
300,1,nan,nan
300,2,-0.69,-0.35
300,3,0.8,0.51
300,4,0.42,0.0
300,5,-0.35,-0.02
300,6,-0.24,-0.09
300,7,-0.26,-0.3
301,1,nan,nan
301,2,nan,-0.23
301,3,2.3,-0.22
301,4,-0.78,-0.29
301,5,-0.38,-0.36
301,6,-0.06,-0.29
301,7,-0.47,-0.44
302,1,nan,nan
302,2,-0.54,-0.23
302,3,-0.74,-0.23
302,4,-0.23,-0.03
302,5,0.18,0.3
302,6,0.32,0.03
302,7,1.35,0.2
303,1,nan,nan
303,2,-0.58,nan
303,3,-0.58,nan
303,4,-0.51,nan
303,5,-0.38,nan
303,6,0.04,nan
303,7,0.09,nan
304,1,nan,nan
304,2,-0.5,-0.23
304,3,-0.82,-0.82
304,4,-0.74,-0.9
304,5,-0.62,-0.59
304,6,-0.4,-0.42
304,7,-0.58,-0.5
305,1,nan,nan
305,2,nan,nan
305,3,-0.4,-0.08
305,4,-0.3,-0.08
305,5,2.21,0.87
305,6,3.66,-0.17
305,7,-0.62,-0.45
306,1,nan,nan
306,2,nan,-0.27
306,3,-0.73,-0.23
306,4,-0.11,-0.38
306,5,0.08,-0.3
306,6,0.58,-0.03
306,7,-0.08,-0.27
307,1,nan,nan
307,2,-0.58,-0.26
307,3,3.26,-0.28
307,4,-0.3,-0.39
307,5,-0.49,-0.47
307,6,1.01,-0.6
307,7,0.66,-0.54
308,1,nan,nan
308,2,2.59,0.32
308,3,1.18,0.04
308,4,-0.37,-0.18
308,5,-1.22,-0.32
308,6,-1.23,-0.25
308,7,-0.77,-0.04
309,1,nan,nan
309,2,2.31,-0.2
309,3,0.46,-0.0
309,4,5.21,0.22
309,5,5.43,0.93
309,6,7.37,2.08
309,7,8.04,1.76
310,1,nan,nan
310,2,-0.41,-0.23
310,3,0.18,-0.03
310,4,-0.22,0.24
310,5,-0.24,-0.35
310,6,-0.33,-0.52
310,7,-0.41,-0.46
311,1,nan,nan
311,2,-0.47,-0.23
311,3,-0.53,-0.34
311,4,-0.5,-0.39
311,5,-0.5,-0.47
311,6,-0.62,-0.35
311,7,-0.86,-0.48
312,1,-0.71,nan
312,2,-0.62,1.68
312,3,-0.59,0.86
312,4,-0.67,0.41
312,5,-0.28,0.89
312,6,-0.37,-0.23
312,7,-0.64,-0.33
313,1,nan,nan
313,2,-0.5,-0.39
313,3,0.14,0.79
313,4,-0.66,-0.38
313,5,-0.27,-0.35
313,6,1.39,0.12
313,7,0.3,-0.03
314,1,-0.45,nan
314,2,-0.45,0.21
314,3,-0.34,9.74
314,4,-0.3,5.99
314,5,-0.32,2.88
314,6,-0.34,1.76
314,7,-0.29,2.77
315,1,nan,nan
315,2,nan,-0.23
315,3,2.53,0.04
315,4,0.95,0.58
315,5,3.49,2.62
315,6,14.58,2.55
315,7,9.79,3.45
316,1,nan,nan
316,2,nan,nan
316,3,2.67,4.18
316,4,0.89,1.78
316,5,-1.06,-0.53
316,6,-0.39,-0.18
316,7,-0.4,-0.04
317,1,nan,nan
317,2,-0.5,-0.35
317,3,-0.89,-0.96
317,4,-0.44,-0.49
317,5,-0.61,-0.59
317,6,-0.58,-0.62
317,7,-0.64,-0.65
318,1,nan,nan
318,2,-0.35,-0.41
318,3,-0.79,-0.67
318,4,-1.12,-0.67
318,5,-0.66,-0.65
318,6,-1.09,-0.73
318,7,-1.83,-0.68
319,1,nan,nan
319,2,-1.24,-0.27
319,3,-0.65,0.58
319,4,-0.58,1.06
319,5,-0.97,-0.22
319,6,-1.61,-0.57
319,7,-1.51,-0.48
320,1,nan,nan
320,2,-0.48,-0.21
320,3,-0.82,-0.34
320,4,-0.45,-0.33
320,5,-0.94,-0.29
320,6,-2.07,-0.39
320,7,-1.04,-0.35
321,1,nan,nan
321,2,-0.49,-0.35
321,3,-0.39,-0.4
321,4,-0.31,-0.09
321,5,-0.4,0.02
321,6,-0.53,-0.18
321,7,-0.5,-0.18
322,1,nan,nan
322,2,-1.65,-0.45
322,3,-0.4,-0.06
322,4,0.2,0.79
322,5,1.97,2.35
322,6,1.85,2.97
322,7,0.52,1.45
323,1,nan,nan
323,2,-1.2,-0.5
323,3,0.98,0.84
323,4,0.28,-0.22
323,5,-0.24,-0.22
323,6,0.11,-0.11
323,7,0.19,0.05
324,1,nan,nan
324,2,-0.66,-0.35
324,3,-0.71,-0.72
324,4,-0.68,-0.23
324,5,-1.75,-0.72
324,6,-1.04,-0.61
324,7,-1.27,-0.61
325,1,nan,nan
325,2,-0.66,-0.5
325,3,-1.13,-0.9
325,4,-0.75,-0.4
325,5,-1.13,-0.32
325,6,-0.99,-0.32
325,7,-1.45,-0.3
326,1,nan,nan
326,2,-0.41,-0.23
326,3,1.66,1.98
326,4,0.89,0.55
326,5,-0.51,0.13
326,6,-0.41,-0.01
326,7,-0.55,-0.21
327,1,nan,nan
327,2,-0.14,-0.23
327,3,2.14,-0.27
327,4,-0.12,-0.38
327,5,-1.39,-0.46
327,6,-1.06,-0.62
327,7,-1.27,-0.67
328,1,nan,nan
328,2,nan,-0.39
328,3,2.26,-0.28
328,4,-0.18,-0.35
328,5,1.19,-0.19
328,6,1.63,0.03
328,7,2.82,0.2
329,1,nan,nan
329,2,nan,nan
329,3,-0.07,0.16
329,4,-0.09,0.17
329,5,-0.22,0.04
329,6,-0.26,0.05
329,7,-0.28,0.08
330,1,nan,nan
330,2,-0.17,-0.17
330,3,-1.24,-0.34
330,4,-1.72,-0.42
330,5,-0.33,-0.31
330,6,0.26,-0.27
330,7,-0.58,-0.32
331,1,nan,nan
331,2,0.0,-0.3
331,3,0.6,0.42
331,4,-0.52,-0.52
331,5,-0.02,-0.23
331,6,-0.17,-0.41
331,7,-0.03,-0.16
332,1,nan,nan
332,2,nan,nan
332,3,0.63,1.86
332,4,0.22,1.33
332,5,-0.17,0.76
332,6,-0.55,0.36
332,7,-0.81,-0.01
333,1,nan,nan
333,2,1.76,0.93
333,3,-0.67,-1.34
333,4,-1.58,-1.79
333,5,-1.11,-0.83
333,6,-1.4,-1.17
333,7,-0.98,-1.52
334,1,nan,nan
334,2,25.99,21.35
334,3,9.09,12.39
334,4,22.63,6.0
334,5,23.92,4.23
334,6,25.91,6.88
334,7,21.12,6.46
335,1,nan,nan
335,2,nan,0.36
335,3,17.58,0.16
335,4,22.48,0.24
335,5,12.29,0.71
335,6,23.12,2.38
335,7,12.86,2.06
336,1,nan,nan
336,2,nan,-0.37
336,3,-4.71,0.1
336,4,-0.24,0.29
336,5,-0.6,-0.26
336,6,-1.1,-0.52
336,7,-1.05,-0.27
337,1,nan,nan
337,2,9.11,3.44
337,3,8.58,4.52
337,4,8.02,3.38
337,5,1.05,1.57
337,6,3.46,3.63
337,7,8.67,6.71
338,1,nan,nan
338,2,-0.69,-0.37
338,3,-0.81,-0.59
338,4,-1.13,-0.67
338,5,-1.65,-0.72
338,6,-1.46,-0.74
338,7,-1.03,-0.49
339,1,nan,nan
339,2,14.7,8.71
339,3,4.72,2.33
339,4,0.4,0.37
339,5,0.3,-0.06
339,6,0.08,0.07
339,7,-0.22,0.0
340,1,nan,nan
340,2,0.03,0.35
340,3,2.28,1.16
340,4,1.53,2.09
340,5,1.15,2.03
340,6,0.83,1.57
340,7,3.58,3.65
341,1,nan,nan
341,2,0.8,-0.2
341,3,0.55,-0.51
341,4,0.26,-0.23
341,5,-0.49,-0.59
341,6,-0.08,-0.4
341,7,-0.18,-0.41
342,1,nan,nan
342,2,0.04,-0.18
342,3,0.43,-0.19
342,4,1.21,-0.03
342,5,1.14,0.02
342,6,1.4,0.39
342,7,1.66,0.19
343,1,nan,nan
343,2,-0.66,-0.26
343,3,-0.57,-0.27
343,4,-0.59,-0.34
343,5,-0.63,-0.39
343,6,-0.79,-0.52
343,7,-0.7,-0.57
344,1,nan,nan
344,2,-0.5,-0.41
344,3,-0.06,-0.1
344,4,-0.68,-0.38
344,5,0.1,0.1
344,6,-1.52,-0.71
344,7,-2.02,-0.68
345,1,nan,nan
345,2,nan,nan
345,3,-0.52,-0.51
345,4,0.71,-0.27
345,5,0.6,-0.34
345,6,0.53,-0.38
345,7,0.28,-0.18
346,1,nan,nan
346,2,-0.58,-0.55
346,3,6.53,0.23
346,4,1.56,-0.2
346,5,2.57,0.1
346,6,34.32,1.47
346,7,42.93,9.86
347,1,nan,nan
347,2,-0.58,-0.23
347,3,1.66,-0.21
347,4,1.81,-0.21
347,5,0.06,-0.23
347,6,0.8,0.58
347,7,1.32,1.44
348,1,nan,nan
348,2,nan,0.16
348,3,-0.94,-0.87
348,4,-1.05,-0.66
348,5,-1.72,-0.76
348,6,-1.52,-0.71
348,7,-1.31,-0.49
349,1,nan,nan
349,2,-0.51,-0.59
349,3,-0.48,-1.02
349,4,-1.14,-1.44
349,5,0.84,-0.27
349,6,-2.06,-0.82
349,7,-0.31,-0.57
350,1,nan,nan
350,2,nan,-0.21
350,3,-0.73,-0.1
350,4,0.58,1.53
350,5,0.07,-0.04
350,6,-0.38,-0.1
350,7,-0.16,0.04
351,1,nan,nan
351,2,-0.45,-0.21
351,3,1.1,0.89
351,4,0.18,0.78
351,5,-0.72,-0.41
351,6,-0.82,-0.39
351,7,-0.6,-0.41
352,1,nan,nan
352,2,-0.07,-0.12
352,3,3.25,1.28
352,4,2.38,0.54
352,5,0.48,0.55
352,6,-0.46,-0.07
352,7,-0.53,-0.26
353,1,nan,nan
353,2,0.0,-0.14
353,3,0.85,1.32
353,4,-0.64,-0.78
353,5,-0.83,-0.37
353,6,-0.68,-0.43
353,7,-0.62,-0.52
354,1,nan,nan
354,2,-0.82,-0.23
354,3,-0.64,-0.3
354,4,-0.92,-0.43
354,5,-0.95,-0.37
354,6,0.15,-0.11
354,7,-0.83,-0.22
355,1,-0.41,nan
355,2,-0.39,11.55
355,3,-0.42,-0.04
355,4,-0.45,-0.37
355,5,-0.46,-0.33
355,6,-0.49,-1.05
355,7,-0.47,-0.96
356,1,nan,nan
356,2,0.3,-0.07
356,3,1.85,0.14
356,4,0.6,-0.46
356,5,-0.33,-0.61
356,6,0.04,-0.22
356,7,0.6,0.38
357,1,nan,nan
357,2,6.33,-0.04
357,3,0.99,-0.6
357,4,1.88,-0.18
357,5,24.64,1.25
357,6,5.67,0.09
357,7,2.77,-0.1
358,1,nan,nan
358,2,-0.45,nan
358,3,-1.1,-0.51
358,4,-2.52,-0.66
358,5,-1.54,-0.6
358,6,-2.06,-0.83
358,7,-1.86,-0.9
359,1,nan,nan
359,2,0.0,-0.09
359,3,-0.84,-0.68
359,4,0.02,-0.37
359,5,-0.67,-0.39
359,6,-1.99,-0.6
359,7,-1.29,-0.34
360,1,nan,nan
360,2,-0.58,-0.41
360,3,-0.03,-0.39
360,4,-0.8,-0.12
360,5,-2.15,-0.53
360,6,-0.93,-0.58
360,7,-1.93,-0.41
361,1,nan,nan
361,2,-0.76,-0.39
361,3,-0.66,-0.35
361,4,-0.87,-0.45
361,5,-1.33,-0.67
361,6,-1.29,-1.13
361,7,-1.18,-0.88
362,1,nan,nan
362,2,36.9,7.42
362,3,4.96,4.03
362,4,5.08,3.12
362,5,5.34,4.77
362,6,5.51,3.51
362,7,9.46,2.61
363,1,nan,nan
363,2,-0.58,-0.23
363,3,0.09,-0.22
363,4,0.05,-0.26
363,5,0.36,-0.06
363,6,-0.26,-0.11
363,7,-0.33,-0.2
364,1,nan,nan
364,2,nan,-0.21
364,3,-0.3,0.13
364,4,0.35,-0.02
364,5,-0.12,-0.28
364,6,-0.39,-0.41
364,7,-0.22,-0.35
365,1,nan,nan
365,2,-0.42,0.02
365,3,-0.27,-0.55
365,4,-0.4,-0.71
365,5,-1.43,-0.63
365,6,-1.7,-0.8
365,7,-2.58,-0.78
366,1,nan,nan
366,2,-0.58,-0.39
366,3,-1.89,-0.41
366,4,-0.99,-0.44
366,5,-1.06,-0.69
366,6,-0.77,-0.58
366,7,-1.02,-0.46
367,1,-0.45,nan
367,2,-0.44,3.81
367,3,-0.49,1.76
367,4,-0.34,1.03
367,5,-0.36,0.03
367,6,-0.37,-0.07
367,7,-0.44,-0.2
368,1,nan,nan
368,2,-0.4,-0.37
368,3,-0.06,-0.53
368,4,-0.37,-0.6
368,5,-0.78,-0.43
368,6,-0.36,-0.52
368,7,-0.46,-0.49
369,1,nan,nan
369,2,nan,nan
369,3,-1.32,-0.53
369,4,-1.6,-0.62
369,5,-2.2,-0.59
369,6,-2.15,-0.8
369,7,-2.98,-0.85
370,1,nan,-0.18
370,2,1.71,-0.22
370,3,-0.0,-0.15
370,4,0.13,-0.22
370,5,0.55,-0.26
370,6,-0.62,-0.37
370,7,-0.36,-0.21
371,1,-0.4,nan
371,2,-0.41,nan
371,3,-0.43,-0.27
371,4,-0.41,-0.44
371,5,-0.43,-0.37
371,6,-0.43,-0.82
371,7,-0.43,-0.56
372,1,nan,-0.18
372,2,-0.46,-0.2
372,3,-0.51,-0.1
372,4,-0.5,-0.09
372,5,-0.38,0.17
372,6,-0.3,0.15
372,7,-0.61,-0.17
373,1,nan,nan
373,2,nan,-0.37
373,3,-0.59,-0.59
373,4,-0.22,-0.03
373,5,-0.44,-0.3
373,6,-0.42,-0.29
373,7,-0.73,-0.57
374,1,nan,nan
374,2,-0.53,nan
374,3,0.67,2.13
374,4,2.35,3.81
374,5,0.48,0.39
374,6,-0.31,0.53
374,7,0.46,1.96
375,1,nan,nan
375,2,-0.42,-0.35
375,3,-0.01,-0.35
375,4,-0.26,-0.1
375,5,-0.24,-0.21
375,6,-0.47,-0.43
375,7,-0.64,-0.55
376,1,nan,nan
376,2,2.0,0.93
376,3,2.43,2.02
376,4,1.92,0.14
376,5,0.53,-0.56
376,6,0.19,-0.61
376,7,0.63,-0.1
377,1,nan,nan
377,2,-0.47,-0.27
377,3,-0.67,-0.79
377,4,-0.77,-0.6
377,5,-0.59,-0.62
377,6,-0.47,-0.44
377,7,-0.38,-0.32
378,1,nan,nan
378,2,107.65,2.92
378,3,7.13,1.08
378,4,12.79,2.22
378,5,14.43,3.18
378,6,23.92,3.27
378,7,19.87,2.89
379,1,nan,-0.18
379,2,-1.0,-0.24
379,3,-0.91,-0.23
379,4,0.02,-0.26
379,5,-0.35,-0.11
379,6,-0.84,-0.15
379,7,-1.2,-0.28
380,1,nan,nan
380,2,-0.02,0.17
380,3,-1.38,-0.87
380,4,-0.6,-0.51
380,5,-0.8,-0.58
380,6,-0.52,-0.42
380,7,-0.57,-0.5
381,1,nan,nan
381,2,nan,nan
381,3,-29.0,-1.04
381,4,-2.47,-0.9
381,5,-1.89,-0.89
381,6,-41.17,-0.86
381,7,-29.0,-0.93
382,1,nan,nan
382,2,-0.52,-0.41
382,3,-0.86,-0.69
382,4,-0.74,-0.54
382,5,-0.63,-0.52
382,6,-0.96,-0.71
382,7,-1.77,-0.62
383,1,nan,nan
383,2,-0.34,nan
383,3,-0.28,nan
383,4,4.55,nan
383,5,-1.04,nan
383,6,-0.55,nan
383,7,-1.01,nan
384,1,nan,nan
384,2,-0.48,-0.39
384,3,0.74,-0.22
384,4,7.08,-0.28
384,5,1.49,-0.16
384,6,0.45,0.5
384,7,1.71,1.55
385,1,nan,-0.18
385,2,-0.5,-0.24
385,3,0.73,-0.24
385,4,-0.74,-0.29
385,5,-1.0,-0.52
385,6,-1.7,-0.49
385,7,-3.77,-0.42
386,1,nan,nan
386,2,0.98,0.93
386,3,0.36,1.24
386,4,-0.52,-0.56
386,5,-0.43,-0.22
386,6,0.03,-0.08
386,7,-0.24,0.2
387,1,nan,nan
387,2,-0.59,-0.35
387,3,-0.85,-0.84
387,4,-1.15,-0.54
387,5,-0.07,-0.48
387,6,-0.78,-0.58
387,7,-0.6,-0.49
388,1,nan,nan
388,2,nan,-0.55
388,3,2.99,-0.23
388,4,0.66,-0.48
388,5,1.55,-0.46
388,6,-0.09,-0.5
388,7,0.76,-0.27
389,1,nan,nan
389,2,-0.5,-0.59
389,3,0.43,0.96
389,4,-0.21,0.48
389,5,-0.58,-0.28
389,6,1.49,0.68
389,7,-0.08,-0.09
390,1,nan,nan
390,2,-0.5,-0.23
390,3,-0.79,-0.34
390,4,-0.41,-0.36
390,5,-0.39,-0.36
390,6,-0.43,-0.28
390,7,-0.57,-0.43
391,1,nan,nan
391,2,-0.82,-0.35
391,3,-0.42,-0.43
391,4,-0.89,-0.62
391,5,-0.57,-0.57
391,6,-0.6,-0.52
391,7,-0.67,-0.54
392,1,nan,nan
392,2,-0.7,-0.37
392,3,-0.57,0.33
392,4,-0.84,-0.06
392,5,-1.16,-0.37
392,6,-0.88,-0.46
392,7,-0.8,-0.27
393,1,nan,nan
393,2,-0.56,-0.09
393,3,-0.68,-0.45
393,4,-0.13,-0.25
393,5,0.33,-0.13
393,6,-1.0,-0.51
393,7,-0.49,-0.25
394,1,nan,nan
394,2,-0.51,-0.59
394,3,0.66,1.41
394,4,-0.8,-0.18
394,5,-0.34,-0.24
394,6,-1.43,-0.59
394,7,-1.53,-0.72
395,1,nan,nan
395,2,1.81,-0.01
395,3,0.79,0.29
395,4,-0.51,-0.13
395,5,-0.23,-0.06
395,6,-0.5,-0.31
395,7,-0.57,-0.34
396,1,nan,nan
396,2,-0.4,-0.03
396,3,-0.6,-0.12
396,4,-0.5,0.18
396,5,-0.47,0.16
396,6,-0.45,0.21
396,7,-0.42,0.33
397,1,nan,nan
397,2,-0.48,-0.23
397,3,-0.45,-0.2
397,4,-0.49,-0.26
397,5,-0.51,-0.28
397,6,-0.68,-0.44
397,7,-0.78,-0.54
398,1,nan,nan
398,2,nan,-0.09
398,3,-0.53,0.38
398,4,0.77,2.86
398,5,0.14,1.65
398,6,3.57,6.51
398,7,5.6,9.83
399,1,nan,nan
399,2,-0.58,-0.4
399,3,-0.9,-0.51
399,4,-0.82,-0.6
399,5,-1.54,-0.5
399,6,-0.63,-0.43
399,7,-0.7,-0.5
400,1,nan,nan
400,2,-0.5,-0.23
400,3,-0.99,-0.66
400,4,-0.99,-0.7
400,5,-0.72,-0.77
400,6,-0.58,-0.49
400,7,-0.51,-0.3
401,1,nan,nan
401,2,nan,nan
401,3,-0.97,-0.78
401,4,-0.66,-0.87
401,5,-0.6,-0.71
401,6,-0.96,-1.42
401,7,-0.52,-0.98
402,1,nan,nan
402,2,nan,nan
402,3,-0.71,-0.51
402,4,-0.66,-0.68
402,5,-2.54,-0.73
402,6,-0.73,-0.55
402,7,-1.43,-0.58
403,1,nan,nan
403,2,-1.0,-0.59
403,3,-0.17,-0.49
403,4,-0.86,-0.69
403,5,-0.97,-0.43
403,6,-1.33,-0.48
403,7,-1.09,-0.06
404,1,nan,nan
404,2,-0.54,-0.55
404,3,-0.56,-1.09
404,4,-0.8,-1.21
404,5,-0.37,-0.7
404,6,-0.8,-0.79
404,7,0.28,-0.42
405,1,nan,nan
405,2,-1.16,-0.5
405,3,-1.6,-1.05
405,4,-1.2,-0.48
405,5,-1.12,-0.37
405,6,-1.07,-0.5
405,7,-1.1,-0.5
406,1,nan,nan
406,2,-0.58,-0.23
406,3,-0.78,0.71
406,4,0.01,0.77
406,5,-0.97,0.05
406,6,-0.82,-0.25
406,7,-0.41,-0.21
407,1,-0.64,nan
407,2,-0.42,nan
407,3,-0.41,1.78
407,4,-0.49,-0.08
407,5,-0.41,1.76
407,6,-0.41,1.75
407,7,-0.41,3.57
408,1,nan,nan
408,2,-0.58,-0.5
408,3,-0.88,-0.79
408,4,-0.58,-0.4
408,5,-0.66,-0.28
408,6,-0.57,-0.41
408,7,-0.65,-0.42
409,1,-0.7,nan
409,2,-0.71,nan
409,3,-0.71,nan
409,4,-0.71,-0.62
409,5,-0.71,-0.52
409,6,-0.71,0.8
409,7,-0.71,0.06
410,1,nan,nan
410,2,-0.5,-0.24
410,3,-0.47,-0.22
410,4,-0.49,-0.34
410,5,-0.31,-0.19
410,6,0.59,0.44
410,7,-0.1,0.05
411,1,nan,nan
411,2,nan,nan
411,3,4.17,7.87
411,4,4.27,6.5
411,5,2.36,5.36
411,6,1.38,4.13
411,7,0.67,2.87
412,1,nan,nan
412,2,6.32,2.1
412,3,-0.57,-0.42
412,4,0.13,0.62
412,5,-0.92,0.04
412,6,-0.81,-0.45
412,7,-0.48,-0.21
413,1,nan,nan
413,2,nan,-0.21
413,3,-0.64,-0.98
413,4,-0.96,-0.96
413,5,-0.87,-0.28
413,6,-1.03,-0.38
413,7,-0.98,-0.44
414,1,nan,nan
414,2,-0.73,-0.5
414,3,-1.01,-1.02
414,4,-0.91,-0.43
414,5,-0.85,-0.3
414,6,-0.38,-0.15
414,7,-0.13,-0.17
415,1,nan,nan
415,2,2.46,-0.09
415,3,-0.54,-0.66
415,4,-0.53,-0.66
415,5,-0.45,-0.06
415,6,-0.49,0.13
415,7,-0.44,-0.09
416,1,nan,nan
416,2,-0.45,-0.21
416,3,-0.07,0.13
416,4,2.4,2.1
416,5,-0.52,-0.28
416,6,-0.87,-0.33
416,7,-0.58,-0.22
417,1,nan,nan
417,2,-0.63,-0.21
417,3,0.84,0.71
417,4,-0.41,-0.69
417,5,-0.41,-0.36
417,6,-0.53,-0.36
417,7,-0.27,-0.36
418,1,nan,nan
418,2,5.28,0.93
418,3,2.43,0.32
418,4,4.56,-0.2
418,5,11.74,0.32
418,6,16.05,1.92
418,7,6.86,1.83
419,1,nan,nan
419,2,2.89,2.1
419,3,-0.23,-0.88
419,4,-0.25,-0.55
419,5,-0.71,-0.48
419,6,-0.0,-0.36
419,7,0.58,-0.01
420,1,nan,nan
420,2,-0.9,-1.0
420,3,-0.33,-0.36
420,4,0.11,-0.33
420,5,0.8,-0.2
420,6,0.53,0.17
420,7,1.43,0.6
421,1,nan,nan
421,2,nan,nan
421,3,-0.5,-0.27
421,4,-0.5,-0.44
421,5,-0.53,-0.38
421,6,-0.66,-0.82
421,7,-0.55,-0.53
422,1,-0.71,nan
422,2,-0.64,1.52
422,3,-0.56,1.13
422,4,-0.69,0.79
422,5,-1.14,-1.07
422,6,-1.43,-2.35
422,7,-1.26,-2.43
423,1,nan,-0.18
423,2,-0.51,-0.24
423,3,-0.5,-0.25
423,4,-0.62,-0.28
423,5,-0.49,-0.47
423,6,-0.53,-0.48
423,7,-0.49,-0.36
424,1,nan,nan
424,2,-0.19,0.05
424,3,2.61,2.8
424,4,1.67,1.51
424,5,0.78,0.04
424,6,-0.13,-0.46
424,7,-0.49,-0.49
425,1,nan,nan
425,2,nan,nan
425,3,-0.6,-0.71
425,4,-0.67,-0.98
425,5,-0.99,-0.76
425,6,0.55,-0.24
425,7,-0.85,-1.27
426,1,nan,nan
426,2,-1.11,-0.3
426,3,2.12,1.69
426,4,-0.5,0.08
426,5,-0.61,-0.11
426,6,-0.71,0.14
426,7,6.5,-0.09
427,1,-0.45,nan
427,2,-0.16,3.66
427,3,-0.03,3.06
427,4,-0.34,1.5
427,5,0.12,1.32
427,6,0.21,0.81
427,7,-0.41,-0.7
428,1,nan,nan
428,2,-0.68,-0.39
428,3,-0.19,-0.33
428,4,-1.13,-0.44
428,5,-0.84,-0.56
428,6,-0.65,-0.02
428,7,-0.61,0.11
429,1,nan,nan
429,2,nan,nan
429,3,-0.58,-0.27
429,4,-0.58,-0.44
429,5,-0.62,-0.38
429,6,-1.06,-0.84
429,7,-0.61,-0.44
430,1,nan,nan
430,2,-1.21,-0.35
430,3,-2.61,-0.81
430,4,-0.85,-0.34
430,5,-1.07,-0.27
430,6,-0.39,0.19
430,7,-0.15,0.13
431,1,nan,nan
431,2,nan,-0.23
431,3,-0.22,-0.2
431,4,-0.34,-0.25
431,5,-0.97,-0.32
431,6,1.42,-0.18
431,7,0.13,-0.36
432,1,nan,nan
432,2,-0.41,nan
432,3,-0.86,-0.78
432,4,-0.73,-1.0
432,5,-1.16,-0.98
432,6,-1.42,-1.64
432,7,-1.14,-1.45
433,1,-0.36,nan
433,2,-0.39,-0.35
433,3,-0.3,-0.19
433,4,-0.39,-0.59
433,5,-0.4,-0.49
433,6,-0.35,0.02
433,7,-0.39,-0.33
434,1,nan,nan
434,2,-0.41,-0.14
434,3,-1.15,-1.15
434,4,-0.65,-0.84
434,5,-0.58,-0.36
434,6,-0.64,-0.66
434,7,-0.55,-0.73
435,1,nan,nan
435,2,-0.47,-0.35
435,3,-0.55,-1.0
435,4,-0.88,-0.74
435,5,-0.14,-0.47
435,6,0.7,-0.37
435,7,1.26,-0.26
436,1,nan,nan
436,2,-0.41,-0.23
436,3,-0.67,-0.46
436,4,-0.85,-0.43
436,5,-0.47,-0.37
436,6,-0.33,-0.41
436,7,-0.42,-0.47
437,1,nan,nan
437,2,3.0,-0.24
437,3,0.69,-0.28
437,4,0.14,-0.37
437,5,1.8,-0.36
437,6,1.58,-0.3
437,7,1.56,-0.26
438,1,nan,nan
438,2,nan,nan
438,3,nan,nan
438,4,-1.69,-0.87
438,5,-0.29,-0.3
438,6,-0.65,-0.6
438,7,-2.0,-0.59
439,1,nan,nan
439,2,-1.0,nan
439,3,0.79,nan
439,4,-0.31,nan
439,5,6.6,nan
439,6,2.6,nan
439,7,7.33,nan
440,1,nan,nan
440,2,nan,nan
440,3,nan,-0.27
440,4,0.0,-0.38
440,5,-0.65,-0.3
440,6,-6.59,-0.68
440,7,-0.3,-0.05
441,1,nan,nan
441,2,-0.71,-0.23
441,3,-1.38,-0.7
441,4,-1.03,-0.31
441,5,-0.74,-0.42
441,6,-0.81,-0.67
441,7,-0.72,-0.49
442,1,-0.5,nan
442,2,-0.5,nan
442,3,-0.5,-0.27
442,4,-0.51,-0.26
442,5,-0.5,-0.25
442,6,-0.5,0.1
442,7,-0.5,-0.3
443,1,-0.7,nan
443,2,-0.71,nan
443,3,-0.71,-0.27
443,4,-0.72,-0.2
443,5,-0.71,-0.32
443,6,-0.71,-0.75
443,7,-0.71,-0.16
444,1,-0.58,nan
444,2,-0.58,nan
444,3,-0.58,-0.51
444,4,-0.59,-0.72
444,5,-0.58,-0.71
444,6,-0.58,-0.58
444,7,-0.58,-0.58
445,1,-0.5,nan
445,2,-0.5,nan
445,3,-0.5,-0.27
445,4,-0.5,-0.26
445,5,-0.5,-0.25
445,6,-0.5,-0.61
445,7,-0.5,-0.11
446,1,-0.4,nan
446,2,-0.41,nan
446,3,-0.41,-0.27
446,4,-0.41,-0.38
446,5,-0.41,-0.24
446,6,-0.41,0.0
446,7,-0.41,-0.51
447,1,nan,nan
447,2,nan,nan
447,3,-0.7,-0.27
447,4,-0.71,-0.44
447,5,-0.61,-0.13
447,6,-0.65,-0.7
447,7,-0.66,-0.42
448,1,nan,nan
448,2,29.5,0.59
448,3,2.47,1.36
448,4,10.21,2.07
448,5,36.15,8.63
448,6,34.43,10.78
448,7,38.52,11.19
449,1,nan,nan
449,2,11.97,5.28
449,3,1.31,0.68
449,4,2.69,3.48
449,5,4.21,4.99
449,6,5.29,5.5
449,7,1.49,1.77
450,1,nan,nan
450,2,nan,nan
450,3,nan,nan
450,4,2.29,3.05
450,5,-0.34,-0.11
450,6,-0.33,-0.25
450,7,-0.58,-0.49
451,1,nan,nan
451,2,1.43,-0.44
451,3,-0.42,-0.22
451,4,-0.68,-0.46
451,5,-0.77,-0.48
451,6,-1.25,-0.46
451,7,-0.84,-0.13
452,1,nan,nan
452,2,0.81,0.17
452,3,9.19,2.04
452,4,2.27,1.21
452,5,1.07,-0.36
452,6,3.16,0.66
452,7,4.42,1.12
453,1,nan,-0.18
453,2,nan,-0.19
453,3,5.85,-0.17
453,4,12.29,0.01
453,5,2.39,0.31
453,6,-0.56,-0.3
453,7,0.6,-0.28
454,1,nan,nan
454,2,-0.37,-0.27
454,3,-0.22,-0.32
454,4,-1.07,-0.36
454,5,-0.96,-0.29
454,6,-0.51,0.08
454,7,-0.29,0.03
455,1,nan,nan
455,2,nan,-0.21
455,3,0.57,0.13
455,4,-0.69,-0.21
455,5,-0.54,-0.39
455,6,-0.57,-0.25
455,7,-0.58,-0.21
456,1,nan,nan
456,2,-1.0,nan
456,3,-2.0,-0.96
456,4,-9.5,-1.1
456,5,-7.16,-1.12
456,6,-3.29,-1.16
456,7,-5.53,-1.08
457,1,nan,nan
457,2,-0.49,-0.39
457,3,-0.45,-0.25
457,4,-0.51,-0.32
457,5,-0.48,-0.32
457,6,-0.47,-0.47
457,7,-0.26,-0.55
458,1,nan,nan
458,2,-0.47,-0.23
458,3,-0.0,-0.18
458,4,-1.27,-0.3
458,5,-0.4,-0.42
458,6,-0.83,-0.52
458,7,-1.16,-0.55
459,1,nan,nan
459,2,-0.76,-0.35
459,3,-0.81,-0.88
459,4,-0.45,-0.59
459,5,-0.64,-0.61
459,6,-0.82,-0.68
459,7,-0.78,-0.6
460,1,nan,nan
460,2,-0.52,-0.35
460,3,-0.58,-0.55
460,4,0.58,0.03
460,5,0.65,-0.38
460,6,-0.21,-0.43
460,7,-0.32,-0.41
461,1,nan,nan
461,2,4.5,-0.03
461,3,0.48,0.58
461,4,1.48,2.16
461,5,2.29,0.23
461,6,3.85,1.61
461,7,1.34,0.48
462,1,nan,nan
462,2,nan,nan
462,3,0.96,-0.19
462,4,5.21,-0.07
462,5,3.6,-0.16
462,6,0.56,-0.29
462,7,-0.53,-0.7
463,1,nan,nan
463,2,-0.91,-0.37
463,3,-0.47,-0.5
463,4,-0.57,-0.47
463,5,-0.74,-0.24
463,6,-0.75,-0.23
463,7,-0.8,-0.6
464,1,-0.5,nan
464,2,-0.5,nan
464,3,-0.5,nan
464,4,-0.5,0.07
464,5,-0.51,-0.54
464,6,-0.51,-0.6
464,7,-0.51,-0.31
465,1,nan,nan
465,2,nan,nan
465,3,-0.7,-0.39
465,4,-0.9,-0.66
465,5,-0.17,0.01
465,6,-0.56,-0.31
465,7,-0.68,-0.51
466,1,nan,nan
466,2,-0.5,-0.23
466,3,-0.63,-0.33
466,4,-0.94,-0.43
466,5,-0.64,-0.54
466,6,-0.51,-0.46
466,7,-0.35,-0.19
467,1,nan,nan
467,2,-0.81,-0.23
467,3,-0.66,-0.07
467,4,-1.14,-0.34
467,5,-0.09,-0.09
467,6,-0.6,-0.22
467,7,-0.58,-0.12
468,1,nan,nan
468,2,1.75,-0.02
468,3,3.53,2.09
468,4,0.16,-0.34
468,5,-0.51,-0.28
468,6,-0.38,-0.27
468,7,-0.3,-0.18
469,1,-0.3,nan
469,2,-0.35,nan
469,3,-0.4,nan
469,4,-0.22,nan
469,5,-0.41,nan
469,6,-0.38,nan
469,7,-0.41,nan
470,1,nan,nan
470,2,-0.79,-0.67
470,3,-0.59,-0.95
470,4,-0.88,-0.76
470,5,-1.6,-0.76
470,6,-1.38,-0.75
470,7,-0.64,-0.61
471,1,nan,nan
471,2,-0.49,-0.12
471,3,-0.42,-0.19
471,4,-0.37,0.24
471,5,-0.15,-0.29
471,6,0.37,-0.22
471,7,0.31,-0.13
472,1,nan,nan
472,2,-0.5,-0.35
472,3,-2.67,-0.68
472,4,-0.88,-0.37
472,5,-1.82,-0.44
472,6,-1.13,-0.37
472,7,-0.63,-0.31
473,1,nan,nan
473,2,-0.5,-0.37
473,3,-0.48,-0.46
473,4,0.66,0.07
473,5,-0.18,-0.24
473,6,0.55,0.17
473,7,1.59,0.91
474,1,nan,nan
474,2,5.93,0.67
474,3,2.91,3.69
474,4,0.38,1.36
474,5,0.28,0.41
474,6,0.69,0.01
474,7,1.86,0.59
475,1,nan,nan
475,2,-0.45,-0.2
475,3,-0.45,-0.18
475,4,-0.44,-0.21
475,5,-0.42,-0.18
475,6,-0.3,-0.21
475,7,-0.41,-0.27
476,1,nan,nan
476,2,-0.45,-0.35
476,3,-0.4,-0.63
476,4,-0.55,-0.55
476,5,-0.34,-0.19
476,6,-0.52,-0.4
476,7,-0.64,-0.53
477,1,nan,nan
477,2,-0.59,-0.58
477,3,-0.36,-0.36
477,4,-0.71,-0.62
477,5,-0.68,-0.46
477,6,-0.72,-0.36
477,7,-0.96,-0.66
478,1,-0.5,nan
478,2,-0.5,nan
478,3,-0.5,-0.51
478,4,-0.5,-0.75
478,5,-0.5,-0.62
478,6,-0.5,-0.55
478,7,-0.5,-0.51
479,1,-0.58,nan
479,2,-0.58,nan
479,3,-0.58,-0.51
479,4,-0.56,0.67
479,5,-0.57,-0.01
479,6,-0.57,-0.22
479,7,-0.58,0.06
480,1,nan,nan
480,2,4.65,0.35
480,3,1.05,0.51
480,4,1.17,0.08
480,5,3.39,0.5
480,6,2.63,0.54
480,7,1.73,0.4
481,1,nan,nan
481,2,-0.58,-0.23
481,3,-5.21,-0.24
481,4,-3.6,-0.3
481,5,-1.1,-0.38
481,6,-0.87,-0.27
481,7,-0.88,-0.28
482,1,nan,nan
482,2,-0.44,-0.23
482,3,-0.11,-0.08
482,4,0.49,0.87
482,5,1.08,1.33
482,6,-0.45,-0.11
482,7,-0.63,-0.33
483,1,-0.26,nan
483,2,24.3,33.61
483,3,12.35,17.89
483,4,4.62,6.89
483,5,1.25,2.14
483,6,0.7,1.37
483,7,0.86,1.52
484,1,nan,nan
484,2,nan,-0.21
484,3,5.04,5.45
484,4,-0.58,-0.54
484,5,-0.58,-0.38
484,6,-0.74,-0.43
484,7,-0.55,-0.44
485,1,nan,nan
485,2,22.61,4.22
485,3,-0.86,-0.55
485,4,0.58,0.51
485,5,-0.51,-0.31
485,6,-0.41,-0.51
485,7,-0.95,-0.8
486,1,nan,nan
486,2,nan,nan
486,3,0.31,-0.3
486,4,-0.17,-0.5
486,5,-0.07,-0.45
486,6,0.99,-0.31
486,7,0.49,-0.52
487,1,nan,nan
487,2,0.28,0.04
487,3,-0.41,-0.35
487,4,-0.25,0.01
487,5,-0.36,-0.28
487,6,-0.34,-0.25
487,7,-0.12,0.06
488,1,nan,nan
488,2,-1.03,-0.59
488,3,0.0,-0.46
488,4,1.46,0.98
488,5,2.76,0.6
488,6,1.92,0.86
488,7,3.79,1.4
489,1,nan,nan
489,2,0.75,-0.26
489,3,-0.82,-1.0
489,4,0.88,-0.3
489,5,6.13,0.04
489,6,5.68,0.52
489,7,4.54,0.72
490,1,nan,nan
490,2,-0.46,-0.37
490,3,-0.65,-0.73
490,4,0.87,-0.65
490,5,0.09,-0.37
490,6,-0.06,-0.65
490,7,0.27,-0.42
491,1,nan,nan
491,2,nan,nan
491,3,-0.84,-0.32
491,4,-0.65,-0.4
491,5,-0.68,-0.41
491,6,-0.58,-0.25
491,7,-0.54,-0.25
492,1,nan,-0.18
492,2,-0.58,-0.24
492,3,-0.59,-0.25
492,4,-0.78,-0.27
492,5,-1.13,-0.51
492,6,-0.6,-0.41
492,7,-0.48,-0.3
493,1,nan,nan
493,2,-0.65,-0.24
493,3,-0.27,0.6
493,4,-0.9,-0.25
493,5,-0.76,0.07
493,6,-0.92,-0.17
493,7,-0.86,-0.39
494,1,nan,nan
494,2,11.13,-0.14
494,3,6.05,-0.22
494,4,7.48,-0.28
494,5,6.46,-0.25
494,6,21.45,0.81
494,7,19.84,1.61
495,1,nan,nan
495,2,-0.82,-0.45
495,3,8.41,3.82
495,4,1.69,0.52
495,5,0.84,0.78
495,6,0.83,0.62
495,7,1.49,0.82
496,1,nan,nan
496,2,-0.59,-0.44
496,3,-0.59,-0.3
496,4,-0.37,-0.42
496,5,-0.07,0.68
496,6,-0.18,0.11
496,7,-0.39,-0.39
497,1,nan,-0.18
497,2,4.07,-0.23
497,3,-0.72,-0.25
497,4,-1.2,-0.3
497,5,-0.89,-0.5
497,6,-0.9,-0.45
497,7,-0.69,-0.35
498,1,-0.7,nan
498,2,-0.71,nan
498,3,-0.71,-0.27
498,4,-0.72,0.21
498,5,-0.71,0.13
498,6,-0.71,0.07
498,7,-0.71,-0.47
499,1,-0.45,nan
499,2,-0.47,-0.25
499,3,-0.44,-0.28
499,4,-0.44,-0.36
499,5,-0.42,-0.39
499,6,-0.32,-0.33
499,7,-0.23,-0.24
500,1,nan,nan
500,2,-0.44,-0.26
500,3,-0.12,-0.29
500,4,-0.13,-0.38
500,5,-0.11,-0.45
500,6,0.64,-0.54
500,7,0.29,-0.61
501,1,nan,nan
501,2,nan,-0.21
501,3,-0.77,-0.98
501,4,-0.25,-0.86
501,5,0.5,-0.16
501,6,-0.6,-0.34
501,7,-0.53,-0.43
502,1,nan,nan
502,2,-0.69,-0.23
502,3,-0.72,-0.24
502,4,-0.63,-0.26
502,5,-0.61,-0.4
502,6,-0.79,-0.49
502,7,-0.81,-0.49
503,1,nan,nan
503,2,-0.68,-0.23
503,3,-0.62,-0.31
503,4,-0.66,-0.35
503,5,-0.51,-0.35
503,6,-0.52,-0.37
503,7,-0.17,-0.12
504,1,nan,nan
504,2,-0.27,-0.01
504,3,-0.36,-0.13
504,4,-0.37,0.0
504,5,-0.11,0.24
504,6,0.96,0.94
504,7,0.52,0.49
505,1,nan,nan
505,2,-0.73,-0.21
505,3,-0.8,-0.23
505,4,-0.79,-0.26
505,5,-0.75,-0.26
505,6,-0.65,-0.47
505,7,-0.66,-0.49
506,1,nan,nan
506,2,1.43,-0.44
506,3,1.0,-0.12
506,4,3.24,0.65
506,5,0.08,-0.04
506,6,-1.01,-0.78
506,7,-0.51,-0.43
507,1,nan,nan
507,2,-0.46,-0.37
507,3,-0.34,0.06
507,4,-0.89,-0.45
507,5,-0.62,-0.22
507,6,-0.56,-0.01
507,7,-0.62,-0.32
508,1,nan,nan
508,2,-0.74,-0.23
508,3,2.21,0.33
508,4,4.64,0.55
508,5,0.32,-0.14
508,6,-0.39,-0.11
508,7,0.08,-0.19
509,1,nan,-0.18
509,2,-0.66,-0.24
509,3,-0.71,-0.26
509,4,-0.91,-0.29
509,5,-0.59,-0.49
509,6,-1.0,-0.51
509,7,-0.62,-0.41
510,1,nan,nan
510,2,-0.7,-0.23
510,3,-1.08,-0.35
510,4,-0.85,-0.4
510,5,-1.03,-0.51
510,6,-1.15,-0.48
510,7,-1.47,-0.5
511,1,nan,nan
511,2,nan,nan
511,3,-0.0,1.15
511,4,0.57,2.08
511,5,1.26,3.18
511,6,2.0,4.24
511,7,3.21,5.79
512,1,-0.58,nan
512,2,-0.58,nan
512,3,-0.58,-0.18
512,4,-0.58,-0.78
512,5,-0.58,-0.42
512,6,-0.58,-0.51
512,7,-0.58,-0.51
513,1,-0.58,nan
513,2,-0.58,-0.4
513,3,-0.67,-0.64
513,4,-0.59,-0.88
513,5,-0.56,-0.26
513,6,-0.57,-0.27
513,7,-0.57,-0.45
514,1,nan,nan
514,2,nan,-0.37
514,3,0.15,-0.38
514,4,-0.72,-0.59
514,5,-0.98,-0.48
514,6,-1.18,-0.87
514,7,-0.07,-0.35
515,1,nan,nan
515,2,-0.4,-0.19
515,3,-0.63,-0.44
515,4,-0.69,-0.41
515,5,-1.09,-0.51
515,6,-1.59,-1.31
515,7,-1.0,-1.32
516,1,nan,nan
516,2,-0.69,-0.26
516,3,-0.64,-0.28
516,4,-0.86,-0.38
516,5,-1.18,-0.43
516,6,-0.57,-0.36
516,7,-0.41,-0.4
517,1,-0.58,nan
517,2,-0.58,nan
517,3,-0.58,-0.27
517,4,-0.58,-0.38
517,5,-0.6,-0.38
517,6,-0.59,-0.62
517,7,-0.59,-0.54
518,1,nan,nan
518,2,nan,-0.23
518,3,-0.74,-0.66
518,4,-0.56,-0.66
518,5,-0.25,-0.39
518,6,-1.21,-0.76
518,7,-1.18,-0.56
519,1,nan,nan
519,2,0.57,-0.5
519,3,3.51,3.09
519,4,0.54,1.75
519,5,-0.5,-0.23
519,6,-0.66,-0.3
519,7,-0.89,-1.05
520,1,nan,nan
520,2,-0.55,-0.23
520,3,-0.88,-0.27
520,4,-1.19,-0.54
520,5,-0.72,0.01
520,6,-0.22,-0.01
520,7,0.53,-0.28
521,1,nan,nan
521,2,-0.56,-0.15
521,3,-0.61,-0.14
521,4,-0.56,0.23
521,5,-0.5,0.18
521,6,-0.59,-0.04
521,7,-0.55,-0.13
522,1,nan,nan
522,2,-0.27,-0.07
522,3,0.41,1.07
522,4,0.84,0.99
522,5,0.33,0.92
522,6,-0.05,0.12
522,7,-0.1,-0.07
523,1,nan,nan
523,2,-1.09,-0.39
523,3,-0.98,-0.35
523,4,-0.88,-0.28
523,5,-0.93,-0.29
523,6,-1.43,-0.85
523,7,-1.53,-1.19
524,1,-0.5,nan
524,2,-0.72,-0.39
524,3,-0.67,-0.47
524,4,-0.64,-0.44
524,5,-0.65,-0.42
524,6,-0.27,0.34
524,7,0.42,1.02
525,1,nan,nan
525,2,0.26,-0.11
525,3,-0.51,-0.21
525,4,-0.39,-0.25
525,5,-0.5,-0.35
525,6,-0.03,-0.06
525,7,0.0,-0.12
526,1,nan,nan
526,2,0.0,-0.19
526,3,-0.16,-0.2
526,4,-0.59,-0.4
526,5,0.37,-0.06
526,6,2.66,1.39
526,7,1.45,1.35
527,1,nan,nan
527,2,-0.5,-0.23
527,3,-0.15,-0.29
527,4,-0.3,-0.36
527,5,-2.13,-0.47
527,6,-1.96,-0.44
527,7,-2.1,-0.51
528,1,-0.36,nan
528,2,-0.38,nan
528,3,-0.4,2.3
528,4,-0.36,2.59
528,5,-0.31,22.62
528,6,-0.37,5.56
528,7,-0.33,10.04
529,1,nan,nan
529,2,-0.36,-0.25
529,3,-0.45,-0.29
529,4,-1.39,-0.39
529,5,-0.9,-0.44
529,6,-0.62,-0.55
529,7,-0.44,-0.57
530,1,nan,nan
530,2,-0.44,nan
530,3,-0.12,-0.41
530,4,-0.45,-0.57
530,5,1.58,-0.42
530,6,2.01,-0.24
530,7,1.96,-0.17
531,1,nan,nan
531,2,-0.45,nan
531,3,-0.65,-0.44
531,4,-0.29,-0.27
531,5,-0.48,-0.38
531,6,0.17,-0.1
531,7,0.91,0.14
532,1,nan,nan
532,2,-0.58,-0.23
532,3,-0.39,-0.2
532,4,0.59,-0.23
532,5,-1.37,-0.3
532,6,-0.96,-0.42
532,7,0.2,-0.32
533,1,nan,nan
533,2,-1.18,-1.0
533,3,-0.48,-0.67
533,4,-0.04,0.15
533,5,-0.47,-0.26
533,6,-0.78,-0.7
533,7,-0.36,-0.6
534,1,nan,nan
534,2,-0.58,-0.67
534,3,-0.96,-0.7
534,4,0.7,0.04
534,5,-0.21,-0.54
534,6,0.19,-0.51
534,7,-0.12,-0.64
535,1,nan,nan
535,2,-0.11,-0.39
535,3,0.59,-0.41
535,4,0.42,0.34
535,5,2.65,1.76
535,6,3.73,1.78
535,7,2.17,1.87
536,1,nan,nan
536,2,3.31,1.09
536,3,1.94,2.58
536,4,5.25,4.59
536,5,15.76,14.76
536,6,12.39,11.22
536,7,18.27,8.26
537,1,nan,nan
537,2,-0.58,-0.45
537,3,-0.73,-0.46
537,4,-0.79,-0.37
537,5,-0.87,-0.68
537,6,-0.85,-0.69
537,7,-0.47,-0.26
538,1,nan,-0.18
538,2,0.82,-0.23
538,3,-0.82,-0.2
538,4,-2.4,-0.3
538,5,-1.93,-0.53
538,6,-1.42,-0.51
538,7,-1.33,-0.47
539,1,-1.0,nan
539,2,-0.6,nan
539,3,-0.64,-0.51
539,4,-0.66,6.34
539,5,-0.62,0.35
539,6,-0.64,-0.53
539,7,-0.62,-0.58
540,1,-0.58,nan
540,2,-0.58,nan
540,3,-0.75,-0.51
540,4,-0.6,-0.72
540,5,-0.73,-0.55
540,6,-0.76,-0.57
540,7,-0.68,-0.54
541,1,nan,nan
541,2,-0.19,-0.27
541,3,-0.46,-0.47
541,4,-0.71,-0.43
541,5,-0.79,-0.26
541,6,-1.3,-0.14
541,7,-1.3,-0.2
542,1,nan,nan
542,2,nan,-0.45
542,3,-0.23,-0.64
542,4,-1.05,-0.92
542,5,0.48,-0.66
542,6,-0.57,-0.78
542,7,-0.16,-0.84
543,1,nan,nan
543,2,-0.58,-0.23
543,3,-1.78,-0.24
543,4,-1.44,-0.3
543,5,-1.2,-0.51
543,6,-1.2,-0.53
543,7,-1.31,-0.65
544,1,-0.5,nan
544,2,-0.63,-0.61
544,3,-0.77,-1.25
544,4,-0.6,-1.14
544,5,-0.87,-1.23
544,6,-0.8,-0.76
544,7,-0.22,1.06
545,1,nan,nan
545,2,-0.62,-0.41
545,3,-1.04,-0.7
545,4,-1.22,-0.76
545,5,-0.54,-0.63
545,6,-1.08,-0.66
545,7,-4.08,-0.64
546,1,nan,nan
546,2,0.41,-0.27
546,3,-0.35,-0.09
546,4,-1.05,-0.63
546,5,-0.67,-0.52
546,6,-0.25,-0.22
546,7,-0.14,-0.1
547,1,nan,nan
547,2,-0.77,-0.35
547,3,0.55,0.13
547,4,0.92,-0.05
547,5,4.07,1.27
547,6,12.93,2.1
547,7,17.76,2.59
548,1,nan,nan
548,2,-2.0,nan
548,3,-5.2,109.0
548,4,0.52,40.93
548,5,0.06,35.01
548,6,1.47,26.79
548,7,0.51,52.34
549,1,nan,-0.18
549,2,-0.58,-0.24
549,3,-0.94,-0.25
549,4,-1.57,-0.28
549,5,-1.11,-0.35
549,6,1.28,-0.23
549,7,0.47,-0.29
550,1,nan,nan
550,2,-0.76,-0.07
550,3,-1.34,-0.32
550,4,-0.39,0.81
550,5,-0.37,0.46
550,6,-0.37,0.31
550,7,-0.54,-0.19
551,1,nan,nan
551,2,-0.86,-0.55
551,3,-0.75,-0.67
551,4,-0.98,-0.86
551,5,-1.76,-0.73
551,6,-1.02,-0.69
551,7,-0.72,-0.48
552,1,nan,nan
552,2,-0.21,0.47
552,3,-0.05,0.92
552,4,0.16,1.51
552,5,2.39,5.61
552,6,5.87,8.2
552,7,6.43,7.65
553,1,nan,nan
553,2,nan,nan
553,3,-0.27,-0.31
553,4,-0.86,-0.58
553,5,-0.23,-0.42
553,6,-0.88,-0.46
553,7,-0.98,-0.5
554,1,nan,nan
554,2,-0.58,nan
554,3,-0.67,-0.34
554,4,-0.94,-0.39
554,5,-0.74,-0.28
554,6,0.16,0.16
554,7,0.61,0.18
555,1,nan,nan
555,2,-0.58,-0.37
555,3,-0.55,0.37
555,4,-1.57,-0.03
555,5,-0.93,-0.21
555,6,-1.01,0.15
555,7,-0.63,0.36
556,1,nan,nan
556,2,1.43,-0.44
556,3,-0.48,-0.1
556,4,0.6,0.57
556,5,0.04,-0.16
556,6,0.81,0.33
556,7,0.74,0.82
557,1,nan,nan
557,2,-0.35,nan
557,3,-1.02,-0.51
557,4,-0.34,-0.57
557,5,-0.76,-0.56
557,6,-0.73,-0.63
557,7,-0.64,-0.55
558,1,nan,nan
558,2,-0.21,-0.27
558,3,-1.24,-0.67
558,4,-0.56,-0.53
558,5,-0.4,-0.39
558,6,-0.46,-0.4
558,7,-0.43,-0.31
559,1,-0.41,nan
559,2,-0.47,-0.5
559,3,-0.24,1.6
559,4,-0.46,-0.17
559,5,-0.57,-0.21
559,6,-0.62,-0.19
559,7,-0.48,-0.21
560,1,nan,nan
560,2,-0.63,-0.2
560,3,-0.73,-0.11
560,4,-0.88,0.01
560,5,-0.76,0.36
560,6,-0.69,0.2
560,7,-0.67,0.32
561,1,nan,nan
561,2,-0.44,-0.21
561,3,-0.53,-0.22
561,4,-0.5,0.23
561,5,-0.51,-0.28
561,6,0.64,0.43
561,7,1.66,0.34
562,1,nan,nan
562,2,nan,-0.21
562,3,-0.46,-0.45
562,4,2.82,2.8
562,5,13.86,18.51
562,6,9.48,14.98
562,7,9.42,12.62
563,1,nan,nan
563,2,0.32,0.38
563,3,-0.52,-0.3
563,4,-0.46,-0.26
563,5,-0.44,-0.2
563,6,-0.5,-0.28
563,7,-0.57,-0.32
564,1,nan,nan
564,2,-0.51,-0.23
564,3,-0.55,-0.31
564,4,-0.35,-0.09
564,5,-0.41,-0.23
564,6,-0.32,-0.08
564,7,-0.59,-0.38
565,1,nan,nan
565,2,4.24,-0.14
565,3,1.61,-0.21
565,4,1.8,-0.21
565,5,4.74,0.41
565,6,4.11,1.29
565,7,2.98,1.87
566,1,nan,nan
566,2,nan,-0.21
566,3,0.59,1.07
566,4,4.14,1.77
566,5,1.79,0.43
566,6,0.92,0.36
566,7,1.69,0.76
567,1,nan,nan
567,2,-0.73,-0.55
567,3,-0.81,-0.82
567,4,-0.68,-0.87
567,5,0.53,-0.11
567,6,-0.65,-0.66
567,7,-0.53,-0.41
568,1,nan,nan
568,2,-1.37,-0.41
568,3,-0.86,-0.19
568,4,-0.56,-0.48
568,5,-0.71,-0.37
568,6,-1.57,-0.5
568,7,-0.83,-0.39
569,1,nan,nan
569,2,-0.63,-0.5
569,3,-0.84,-1.06
569,4,-0.4,-0.32
569,5,-0.47,-0.31
569,6,-0.46,-0.4
569,7,-0.52,-0.44
570,1,nan,-0.18
570,2,nan,-0.22
570,3,-0.25,-0.23
570,4,1.78,-0.2
570,5,-0.83,-0.31
570,6,-1.85,-0.45
570,7,-1.02,-0.42
571,1,nan,nan
571,2,-0.61,-0.55
571,3,-0.25,-0.02
571,4,-0.57,-0.62
571,5,-0.18,-0.43
571,6,-1.07,-0.78
571,7,-1.2,-0.56
572,1,nan,nan
572,2,-0.58,-0.23
572,3,-0.36,0.12
572,4,0.46,0.24
572,5,-0.56,-0.23
572,6,-0.57,-0.02
572,7,-0.47,0.24
573,1,nan,nan
573,2,0.0,-0.04
573,3,2.55,1.01
573,4,0.25,-0.08
573,5,-0.81,-0.17
573,6,-0.41,0.15
573,7,-0.62,0.07
574,1,nan,nan
574,2,nan,63.2
574,3,1.62,1.08
574,4,0.73,0.19
574,5,16.81,5.63
574,6,15.61,4.64
574,7,19.51,8.25
575,1,nan,nan
575,2,-0.62,-0.21
575,3,-0.59,-0.28
575,4,1.16,0.07
575,5,0.92,-0.15
575,6,0.57,-0.04
575,7,0.57,0.13
576,1,nan,nan
576,2,-0.46,-0.26
576,3,-0.46,-0.25
576,4,-0.49,-0.35
576,5,-0.68,-0.41
576,6,-1.26,-0.52
576,7,-1.41,-0.54
577,1,nan,nan
577,2,-0.66,-0.37
577,3,-2.13,-0.75
577,4,-0.78,-0.66
577,5,-0.61,-0.08
577,6,-0.38,0.71
577,7,-0.6,-0.25
578,1,nan,nan
578,2,0.09,-0.43
578,3,-0.98,-0.99
578,4,-1.16,-1.15
578,5,-1.32,-0.71
578,6,-0.47,-0.64
578,7,-0.51,-0.54
579,1,nan,nan
579,2,nan,-0.19
579,3,-0.03,-0.24
579,4,-0.49,-0.34
579,5,-0.35,-0.12
579,6,-0.46,-0.22
579,7,-0.36,-0.07
580,1,nan,nan
580,2,-0.66,-0.39
580,3,-0.57,-0.37
580,4,-0.48,-0.27
580,5,-0.2,0.43
580,6,0.12,0.5
580,7,-0.18,-0.24
581,1,-0.58,nan
581,2,-0.58,nan
581,3,-0.58,-0.69
581,4,-0.58,-0.42
581,5,-0.59,0.11
581,6,-0.58,-0.15
581,7,-0.58,0.47
582,1,nan,nan
582,2,-0.55,-0.39
582,3,-0.57,-0.34
582,4,0.69,-0.02
582,5,0.61,-0.01
582,6,1.45,0.15
582,7,0.34,-0.32
583,1,nan,nan
583,2,4.98,5.12
583,3,4.6,1.49
583,4,1.09,-0.31
583,5,3.51,0.54
583,6,2.07,0.03
583,7,0.59,-0.35
584,1,nan,nan
584,2,nan,-0.45
584,3,-1.21,-0.87
584,4,-0.66,-0.78
584,5,-1.69,-0.84
584,6,-1.69,-0.84
584,7,-1.06,-0.79
585,1,nan,nan
585,2,-0.48,-0.48
585,3,0.18,-0.24
585,4,-0.53,-0.63
585,5,-0.57,-0.61
585,6,-0.48,-0.66
585,7,-0.64,-0.83
586,1,-0.41,nan
586,2,0.67,1.54
586,3,-0.63,-0.85
586,4,0.35,0.02
586,5,-0.18,0.17
586,6,0.65,0.7
586,7,0.58,1.45
587,1,nan,nan
587,2,1.01,-0.36
587,3,-0.36,0.32
587,4,-0.83,-0.91
587,5,-0.51,-0.72
587,6,0.94,0.11
587,7,0.83,1.15
588,1,nan,nan
588,2,-0.64,-0.23
588,3,-0.63,-0.18
588,4,-1.09,-0.26
588,5,-1.11,-0.38
588,6,-1.02,-0.51
588,7,-1.02,-0.49
589,1,nan,nan
589,2,-0.43,-0.23
589,3,24.2,0.2
589,4,14.11,0.36
589,5,1.02,-0.08
589,6,0.15,-0.15
589,7,-0.37,-0.21
590,1,nan,nan
590,2,2.59,0.12
590,3,0.24,-0.09
590,4,-0.43,-0.23
590,5,0.15,-0.19
590,6,1.33,0.35
590,7,0.71,0.7
591,1,nan,nan
591,2,-0.81,-0.59
591,3,-0.94,-0.49
591,4,-1.54,-0.61
591,5,-1.2,-0.47
591,6,0.98,0.2
591,7,0.63,0.33
592,1,nan,nan
592,2,nan,-0.23
592,3,-1.33,-0.74
592,4,-1.11,-0.89
592,5,-1.01,-0.49
592,6,-1.21,-0.44
592,7,-1.04,-0.5
593,1,nan,nan
593,2,nan,nan
593,3,nan,nan
593,4,nan,-0.08
593,5,nan,-0.41
593,6,nan,-0.68
593,7,nan,-0.31
594,1,nan,-0.18
594,2,0.0,-0.23
594,3,1.18,-0.19
594,4,1.53,-0.22
594,5,1.28,-0.27
594,6,6.18,0.08
594,7,5.28,0.13
595,1,nan,nan
595,2,-0.72,-0.59
595,3,-0.79,-0.36
595,4,0.61,1.52
595,5,-0.46,-0.18
595,6,-0.49,-0.07
595,7,-0.48,-0.19
596,1,nan,nan
596,2,nan,-0.55
596,3,-1.43,-0.67
596,4,-3.53,-0.76
596,5,-0.5,-0.48
596,6,-0.81,-0.6
596,7,-0.78,-0.41
597,1,nan,nan
597,2,-0.71,-0.37
597,3,-0.74,-0.64
597,4,-0.63,-0.63
597,5,0.0,-0.3
597,6,1.29,0.01
597,7,0.11,-0.24
598,1,nan,nan
598,2,-0.57,0.04
598,3,0.25,0.06
598,4,-0.05,0.13
598,5,-0.29,-0.18
598,6,-1.24,-0.52
598,7,-1.29,-0.53
599,1,nan,nan
599,2,-0.43,-0.25
599,3,-0.43,-0.28
599,4,-0.43,-0.36
599,5,-0.52,-0.35
599,6,-0.13,0.02
599,7,0.64,0.49
600,1,nan,nan
600,2,-0.25,-0.39
600,3,1.23,0.13
600,4,1.11,1.42
600,5,-0.11,0.16
600,6,-0.39,-0.33
600,7,-0.65,-0.7
601,1,nan,nan
601,2,1.72,-0.2
601,3,-1.23,-0.25
601,4,-0.11,-0.2
601,5,-0.06,-0.11
601,6,-0.64,-0.36
601,7,-0.67,-0.52
602,1,nan,nan
602,2,-0.45,-0.23
602,3,-0.86,-0.7
602,4,-0.49,-0.04
602,5,-0.79,-0.52
602,6,-0.92,-0.26
602,7,-0.83,-0.12
603,1,nan,nan
603,2,-0.2,-0.14
603,3,-0.3,-0.38
603,4,-0.65,-0.31
603,5,-0.35,0.26
603,6,-0.28,0.25
603,7,-0.3,0.06
604,1,nan,nan
604,2,-0.53,-0.24
604,3,-0.55,-0.21
604,4,-0.67,-0.32
604,5,-0.76,-0.29
604,6,-0.56,-0.03
604,7,-0.43,0.32
605,1,nan,nan
605,2,-0.69,-0.23
605,3,0.33,-0.28
605,4,-0.42,-0.38
605,5,0.26,-0.32
605,6,0.07,-0.27
605,7,0.07,-0.26
606,1,nan,nan
606,2,-0.65,-0.41
606,3,-0.5,-0.7
606,4,0.07,-0.53
606,5,-0.64,-0.71
606,6,-0.45,-0.66
606,7,-0.47,-0.49
607,1,nan,nan
607,2,-0.56,-0.23
607,3,-0.42,-0.31
607,4,-0.52,-0.42
607,5,-0.37,-0.16
607,6,-0.35,-0.22
607,7,-0.17,-0.06
608,1,nan,nan
608,2,-0.7,-0.23
608,3,-0.63,-0.34
608,4,-0.56,-0.39
608,5,-0.61,-0.52
608,6,-0.51,-0.41
608,7,-0.5,-0.47
609,1,nan,nan
609,2,nan,nan
609,3,nan,nan
609,4,-1.74,-1.32
609,5,-0.83,-0.48
609,6,-0.81,-0.61
609,7,-0.74,-0.59
610,1,nan,nan
610,2,nan,-0.17
610,3,-1.45,-0.32
610,4,0.0,-0.39
610,5,-0.4,-0.48
610,6,2.45,-0.13
610,7,1.68,-0.0
611,1,nan,nan
611,2,-0.71,-0.39
611,3,-0.28,0.03
611,4,-0.87,-0.65
611,5,-0.83,-0.56
611,6,-0.93,-0.8
611,7,-1.09,-0.96
612,1,nan,nan
612,2,-0.92,-0.35
612,3,-1.78,-0.75
612,4,-0.31,-0.37
612,5,0.19,0.03
612,6,0.28,0.09
612,7,1.52,0.33
613,1,nan,nan
613,2,-0.54,-0.23
613,3,-0.59,-0.34
613,4,-0.4,-0.22
613,5,0.24,-0.19
613,6,-1.21,-0.44
613,7,-1.42,-0.51
614,1,nan,nan
614,2,-0.93,-0.35
614,3,-2.14,-0.79
614,4,-1.82,-0.37
614,5,-1.96,-0.53
614,6,-1.25,-0.52
614,7,-1.25,-0.34
615,1,nan,nan
615,2,-0.23,-0.44
615,3,1.75,0.12
615,4,-0.94,-1.23
615,5,-1.36,-0.55
615,6,-0.12,-0.58
615,7,-1.49,-0.73
616,1,nan,nan
616,2,-0.71,-0.59
616,3,-3.3,-1.67
616,4,-1.01,-0.93
616,5,-1.4,-0.72
616,6,-3.62,-0.98
616,7,-2.1,-0.74
617,1,nan,nan
617,2,-0.46,-0.23
617,3,-0.6,-0.31
617,4,-0.64,-0.18
617,5,-0.69,-0.29
617,6,-0.58,-0.35
617,7,-0.71,-0.4
618,1,nan,nan
618,2,nan,nan
618,3,nan,-0.27
618,4,-0.9,-0.44
618,5,-1.1,-0.36
618,6,-1.63,-0.73
618,7,-0.68,-0.49
619,1,nan,nan
619,2,-0.41,nan
619,3,-0.42,-0.48
619,4,-0.4,-0.4
619,5,-0.57,-0.07
619,6,-0.72,-0.63
619,7,-0.53,-0.43
620,1,nan,nan
620,2,-0.5,-0.5
620,3,-0.64,-0.53
620,4,-0.48,-0.36
620,5,-0.2,-0.24
620,6,0.87,-0.06
620,7,2.08,-0.01
621,1,nan,nan
621,2,-0.54,-0.23
621,3,-0.6,-0.32
621,4,-0.69,-0.33
621,5,-0.54,-0.16
621,6,-0.27,0.04
621,7,0.08,0.39
622,1,nan,nan
622,2,-0.27,0.53
622,3,-0.8,0.05
622,4,2.27,1.9
622,5,-0.88,0.02
622,6,-2.15,-0.62
622,7,-1.67,-0.57
623,1,nan,nan
623,2,-0.7,-0.35
623,3,-2.28,-0.72
623,4,-0.99,-0.65
623,5,-1.96,-0.71
623,6,-1.77,-0.56
623,7,-2.21,-0.56
624,1,nan,nan
624,2,nan,nan
624,3,nan,-0.27
624,4,-0.77,-0.44
624,5,-1.26,-0.36
624,6,-0.79,-0.51
624,7,-0.73,-0.56
625,1,nan,nan
625,2,-1.22,-0.35
625,3,1.11,0.47
625,4,0.02,-0.23
625,5,-0.32,-0.26
625,6,-0.44,-0.2
625,7,-0.61,-0.45
626,1,nan,nan
626,2,-0.79,-0.23
626,3,-0.62,-0.3
626,4,-1.28,-0.41
626,5,-0.68,-0.46
626,6,-1.59,-0.39
626,7,-2.32,-0.54
627,1,nan,nan
627,2,-0.51,-0.37
627,3,-0.33,0.05
627,4,-0.19,0.21
627,5,-0.45,-0.24
627,6,-0.03,0.24
627,7,-0.44,-0.13
628,1,nan,nan
628,2,nan,nan
628,3,-0.88,nan
628,4,-0.8,nan
628,5,-0.37,nan
628,6,-0.5,nan
628,7,0.05,nan
629,1,nan,nan
629,2,-0.5,-0.23
629,3,-0.84,-0.39
629,4,4.74,4.57
629,5,-0.44,-0.49
629,6,-0.58,-0.55
629,7,-1.48,-0.55
630,1,-0.5,nan
630,2,-0.51,-0.25
630,3,-0.51,-0.29
630,4,-0.52,-0.37
630,5,-0.73,-0.47
630,6,-1.37,-0.62
630,7,-1.18,-0.62
631,1,nan,nan
631,2,-0.61,-0.23
631,3,-0.82,-0.31
631,4,-1.0,-0.42
631,5,-0.71,-0.45
631,6,-0.54,-0.34
631,7,-1.36,-0.43
632,1,nan,nan
632,2,-0.58,-0.4
632,3,3.09,0.22
632,4,11.92,9.63
632,5,0.05,0.44
632,6,-0.56,-0.38
632,7,-0.56,-0.43
633,1,nan,nan
633,2,-0.67,nan
633,3,-0.75,-0.71
633,4,-0.95,-0.35
633,5,-0.79,1.19
633,6,-1.24,1.43
633,7,-1.25,1.16
634,1,nan,nan
634,2,-0.67,-0.41
634,3,-0.57,-0.11
634,4,0.57,0.16
634,5,-0.83,-0.37
634,6,-0.54,-0.57
634,7,-0.69,-0.54
635,1,nan,nan
635,2,-0.79,-0.39
635,3,-1.12,-0.45
635,4,1.47,-0.44
635,5,1.55,-0.59
635,6,0.29,-0.39
635,7,0.9,-0.33
636,1,nan,nan
636,2,1.63,0.32
636,3,-0.69,-0.83
636,4,-1.36,-0.86
636,5,-0.92,-0.61
636,6,-0.31,-0.04
636,7,-0.73,-0.19
637,1,nan,nan
637,2,-0.5,-0.35
637,3,-1.59,-0.76
637,4,-0.82,-0.68
637,5,-0.55,-0.37
637,6,-0.54,-0.15
637,7,-0.48,-0.13
638,1,nan,-0.18
638,2,-0.69,-0.24
638,3,-1.03,-0.25
638,4,-0.82,-0.27
638,5,-0.98,-0.34
638,6,-1.49,-0.43
638,7,-2.31,-0.44
639,1,nan,nan
639,2,-0.9,-0.59
639,3,-1.49,-0.79
639,4,8.13,2.14
639,5,-0.19,0.0
639,6,-2.26,-0.4
639,7,-2.56,-0.61
640,1,nan,nan
640,2,-0.45,nan
640,3,0.06,-0.1
640,4,0.53,0.53
640,5,1.62,5.55
640,6,-0.12,3.73
640,7,-0.26,2.47
641,1,nan,nan
641,2,0.29,-0.06
641,3,-0.13,-0.15
641,4,-0.14,-0.17
641,5,-0.24,-0.04
641,6,-0.34,-0.01
641,7,-0.37,0.0
642,1,nan,nan
642,2,-0.47,-0.35
642,3,-0.88,-0.92
642,4,-1.11,-0.64
642,5,-0.1,-0.32
642,6,0.26,-0.34
642,7,1.84,-0.35
643,1,-0.45,nan
643,2,-0.45,0.61
643,3,-0.43,0.63
643,4,-0.42,0.41
643,5,-0.38,0.68
643,6,-0.41,0.16
643,7,-0.39,0.49
644,1,nan,nan
644,2,nan,nan
644,3,-1.1,-0.1
644,4,-0.84,0.39
644,5,-0.78,0.49
644,6,-0.86,0.46
644,7,-0.81,0.32
645,1,nan,nan
645,2,nan,nan
645,3,-0.82,-0.69
645,4,-0.58,-0.78
645,5,-0.2,-0.39
645,6,-0.8,-0.52
645,7,-0.53,-0.47
646,1,nan,nan
646,2,-1.0,-0.4
646,3,-4.6,-0.64
646,4,-0.99,-0.06
646,5,-8.13,-1.02
646,6,-3.14,-0.61
646,7,4.71,-0.39
647,1,-1.0,nan
647,2,-1.0,nan
647,3,-1.0,0.84
647,4,-1.0,0.65
647,5,-1.0,-0.42
647,6,-1.01,-0.55
647,7,-1.01,-0.56
648,1,nan,nan
648,2,nan,nan
648,3,-0.86,-0.69
648,4,-0.71,-0.78
648,5,-0.72,-0.42
648,6,-0.79,-0.58
648,7,-0.73,-0.55
649,1,nan,nan
649,2,1.74,-0.39
649,3,1.6,-0.29
649,4,0.47,-0.5
649,5,-1.95,-0.68
649,6,-0.57,-0.62
649,7,-0.07,-0.37
650,1,nan,nan
650,2,nan,-0.67
650,3,-0.59,-1.27
650,4,-0.96,-2.0
650,5,0.85,-0.77
650,6,1.83,-0.78
650,7,1.86,-0.86
651,1,nan,nan
651,2,-0.61,-0.07
651,3,1.11,1.27
651,4,1.88,2.29
651,5,11.49,11.52
651,6,19.65,6.79
651,7,10.09,1.5
652,1,nan,nan
652,2,nan,-0.37
652,3,-0.99,-0.69
652,4,-0.8,-0.7
652,5,-2.27,-0.48
652,6,-0.95,-0.74
652,7,-0.44,-0.43
653,1,-0.45,nan
653,2,-0.45,-0.21
653,3,-0.51,-0.98
653,4,-0.49,-0.93
653,5,-0.64,-0.34
653,6,-0.69,-0.24
653,7,-0.66,-0.49
654,1,nan,nan
654,2,-0.6,-0.35
654,3,-0.59,0.09
654,4,-0.34,-0.35
654,5,-0.22,-0.31
654,6,-0.2,-0.23
654,7,-0.77,-0.37
655,1,nan,nan
655,2,7.81,0.75
655,3,2.8,-0.2
655,4,0.33,-0.16
655,5,5.63,0.22
655,6,3.1,0.27
655,7,0.54,-0.24
656,1,nan,nan
656,2,-0.91,-0.59
656,3,-0.34,-0.32
656,4,0.44,0.16
656,5,2.27,-0.33
656,6,-1.27,-0.39
656,7,-0.93,0.09
657,1,nan,nan
657,2,nan,nan
657,3,-1.67,-0.69
657,4,-0.8,-0.81
657,5,-1.34,-0.41
657,6,-0.35,-0.37
657,7,0.23,-0.35
658,1,nan,nan
658,2,66.73,0.39
658,3,179.83,0.41
658,4,46.82,1.86
658,5,40.01,7.56
658,6,37.0,6.3
658,7,51.41,5.83
659,1,nan,nan
659,2,-0.42,-0.23
659,3,-0.41,-0.22
659,4,-0.41,-0.24
659,5,-0.35,-0.15
659,6,-0.7,-0.43
659,7,-0.68,-0.41
660,1,nan,nan
660,2,-0.5,-0.21
660,3,-0.91,-0.45
660,4,-1.1,-0.49
660,5,3.85,-0.12
660,6,-0.01,-0.23
660,7,-0.31,-0.31
661,1,nan,nan
661,2,-0.47,-0.23
661,3,-0.52,-0.24
661,4,-0.64,-0.31
661,5,-0.6,-0.45
661,6,-0.85,-0.59
661,7,-0.82,-0.48
662,1,nan,nan
662,2,0.12,0.64
662,3,0.07,0.95
662,4,-0.79,-0.64
662,5,-0.9,-0.57
662,6,-2.39,-0.8
662,7,-0.88,-0.67
663,1,nan,nan
663,2,nan,nan
663,3,nan,-0.27
663,4,-0.79,-0.32
663,5,1.14,-0.12
663,6,-1.77,0.16
663,7,1.61,0.19
664,1,nan,nan
664,2,-0.58,-0.45
664,3,0.14,0.17
664,4,1.01,1.72
664,5,-0.49,-0.59
664,6,-0.28,-0.34
664,7,-0.36,-0.23
665,1,395.58,nan
665,2,29.07,14.21
665,3,14.74,0.47
665,4,29.78,1.59
665,5,7.09,5.99
665,6,4.62,9.38
665,7,6.04,13.3
666,1,nan,nan
666,2,-0.2,0.5
666,3,0.14,1.3
666,4,1.34,3.82
666,5,1.47,3.99
666,6,0.35,1.92
666,7,0.25,1.66
667,1,nan,-0.18
667,2,-0.7,-0.24
667,3,-0.64,-0.24
667,4,0.08,-0.25
667,5,0.67,-0.32
667,6,0.14,-0.24
667,7,-0.1,-0.21
668,1,nan,-0.18
668,2,-0.88,-0.24
668,3,-0.34,-0.23
668,4,-0.19,-0.22
668,5,-0.12,-0.11
668,6,3.15,0.1
668,7,-0.16,-0.34
669,1,nan,-0.18
669,2,-0.53,-0.23
669,3,-0.37,0.13
669,4,-0.39,0.09
669,5,-0.28,0.47
669,6,-0.76,0.39
669,7,-0.97,0.06
670,1,nan,nan
670,2,0.0,-0.03
670,3,-0.74,-0.31
670,4,-2.71,-0.84
670,5,0.64,10.27
670,6,7.37,4.94
670,7,26.13,4.9
671,1,nan,-0.18
671,2,nan,-0.24
671,3,-0.05,-0.25
671,4,1.61,-0.24
671,5,0.28,-0.43
671,6,-0.22,-0.41
671,7,0.38,-0.28
672,1,nan,-0.18
672,2,-0.71,-0.24
672,3,0.49,-0.17
672,4,1.17,-0.2
672,5,0.7,0.07
672,6,0.51,-0.2
672,7,-0.96,-0.39
673,1,nan,nan
673,2,-0.9,-1.0
673,3,-0.2,-0.11
673,4,-0.05,1.27
673,5,-0.89,-0.38
673,6,-1.11,-0.28
673,7,-0.52,0.13
674,1,nan,nan
674,2,-0.58,-0.23
674,3,-0.52,-0.32
674,4,-0.3,-0.3
674,5,-0.52,-0.14
674,6,-0.95,-0.49
674,7,-1.12,-0.45
675,1,-0.7,nan
675,2,-0.71,nan
675,3,-0.71,-0.27
675,4,-0.72,-0.26
675,5,-0.71,-0.06
675,6,-0.71,-0.15
675,7,-0.7,0.79
676,1,nan,-0.18
676,2,-0.57,-0.24
676,3,-0.63,-0.24
676,4,0.28,-0.22
676,5,0.56,-0.2
676,6,0.23,-0.28
676,7,0.11,-0.28
677,1,nan,-0.18
677,2,-0.76,-0.24
677,3,3.84,-0.13
677,4,0.7,-0.24
677,5,0.33,-0.11
677,6,-0.02,-0.2
677,7,0.09,-0.23
678,1,nan,-0.18
678,2,-0.5,-0.24
678,3,-0.92,-0.26
678,4,-0.86,-0.29
678,5,-0.64,-0.49
678,6,-0.54,-0.42
678,7,-0.28,-0.26
679,1,nan,-0.18
679,2,-0.85,-0.24
679,3,1.6,-0.08
679,4,1.28,-0.11
679,5,0.48,-0.12
679,6,0.36,-0.19
679,7,1.56,-0.09
680,1,nan,nan
680,2,-0.07,0.24
680,3,-0.54,-0.63
680,4,-0.57,-0.66
680,5,-0.83,-0.73
680,6,-0.73,-0.61
680,7,-0.52,-0.38
681,1,nan,nan
681,2,nan,nan
681,3,nan,-0.25
681,4,0.54,-0.13
681,5,-0.16,-0.59
681,6,-0.55,-0.52
681,7,-0.43,-0.54
682,1,nan,nan
682,2,0.29,-0.02
682,3,-0.79,-0.75
682,4,-0.51,-0.45
682,5,-0.32,-0.24
682,6,-0.26,-0.26
682,7,0.23,-0.05
683,1,nan,nan
683,2,-0.1,-0.31
683,3,2.62,1.46
683,4,-0.09,-0.34
683,5,0.48,-0.14
683,6,1.72,-0.06
683,7,0.48,-0.34
684,1,nan,nan
684,2,0.1,3.31
684,3,-0.31,0.14
684,4,0.24,0.21
684,5,0.27,1.91
684,6,0.38,1.67
684,7,1.06,1.08
685,1,nan,nan
685,2,-0.46,-0.55
685,3,-0.25,-0.58
685,4,1.64,-0.19
685,5,-0.69,-0.61
685,6,-0.26,-0.51
685,7,-0.33,-0.24
686,1,nan,nan
686,2,-0.58,-0.5
686,3,3.42,1.16
686,4,3.59,0.84
686,5,0.53,-0.05
686,6,1.23,-0.0
686,7,-0.82,-0.24
687,1,nan,nan
687,2,-0.19,0.5
687,3,0.23,1.43
687,4,-0.17,0.34
687,5,-0.32,-0.06
687,6,-0.31,-0.02
687,7,-0.32,-0.01
688,1,nan,nan
688,2,-0.51,-0.23
688,3,-0.56,-0.32
688,4,-0.63,-0.43
688,5,-0.6,-0.51
688,6,-0.69,-0.53
688,7,-0.73,-0.55
689,1,nan,nan
689,2,-0.75,nan
689,3,-1.62,-0.07
689,4,-0.3,0.35
689,5,-0.53,-0.25
689,6,-0.78,-0.08
689,7,-0.54,0.34
690,1,nan,nan
690,2,-0.69,-0.35
690,3,-0.94,-0.59
690,4,-0.73,-0.26
690,5,-0.73,-0.22
690,6,-0.71,-0.23
690,7,-0.72,-0.31
691,1,nan,nan
691,2,nan,-0.4
691,3,-1.05,-0.73
691,4,3.9,-0.49
691,5,-28.08,-1.84
691,6,-0.8,-0.48
691,7,-1.4,-0.52
692,1,nan,nan
692,2,nan,nan
692,3,nan,-0.27
692,4,-2.0,-0.44
692,5,-8.2,-0.38
692,6,-5.0,-0.83
692,7,-2.06,-0.56
693,1,nan,nan
693,2,nan,nan
693,3,nan,-0.27
693,4,-0.41,-0.38
693,5,0.27,-0.22
693,6,-0.25,-0.5
693,7,-0.12,-0.4
694,1,nan,nan
694,2,nan,nan
694,3,nan,-0.27
694,4,-0.78,-0.44
694,5,-0.47,-0.35
694,6,2.25,0.28
694,7,-0.14,-0.26
695,1,nan,nan
695,2,nan,-0.21
695,3,0.21,0.19
695,4,-0.24,-0.63
695,5,0.08,-0.12
695,6,-0.1,-0.23
695,7,-0.71,-0.45
696,1,nan,nan
696,2,-0.46,nan
696,3,1.56,-0.16
696,4,-0.91,-0.5
696,5,-0.51,-0.37
696,6,-2.37,-0.63
696,7,-1.12,-0.68
697,1,-0.45,nan
697,2,-0.52,-0.5
697,3,0.01,-0.18
697,4,-0.71,-0.31
697,5,-0.75,-0.2
697,6,-1.88,-0.36
697,7,-1.06,-0.28
698,1,nan,nan
698,2,-0.45,-0.45
698,3,-0.42,-0.64
698,4,-0.66,-0.92
698,5,-0.25,-0.53
698,6,0.08,-0.29
698,7,-0.2,-0.47
699,1,nan,nan
699,2,4.79,0.15
699,3,29.69,0.25
699,4,22.19,0.49
699,5,11.84,0.95
699,6,11.32,1.68
699,7,11.58,1.49
700,1,nan,nan
700,2,-0.56,-0.44
700,3,-0.68,-0.53
700,4,-1.33,-0.47
700,5,-0.66,0.03
700,6,-0.74,-0.04
700,7,-1.1,-0.72
701,1,nan,nan
701,2,-0.48,-0.23
701,3,-0.47,-0.22
701,4,-0.56,-0.24
701,5,-0.72,-0.23
701,6,-0.87,-0.47
701,7,-0.83,-0.55
702,1,nan,nan
702,2,19.5,1.55
702,3,0.86,0.66
702,4,1.35,0.38
702,5,4.72,1.46
702,6,8.82,1.38
702,7,12.29,1.14
703,1,nan,-0.18
703,2,-1.0,-0.24
703,3,-1.21,-0.25
703,4,-0.1,-0.13
703,5,-0.51,-0.09
703,6,-0.61,-0.14
703,7,-0.56,-0.19
704,1,nan,nan
704,2,-0.67,-0.23
704,3,-0.59,-0.3
704,4,-0.6,-0.36
704,5,-0.43,-0.15
704,6,-0.3,-0.01
704,7,-0.33,-0.12
705,1,nan,nan
705,2,-0.51,0.47
705,3,-0.72,-0.11
705,4,-0.61,-0.16
705,5,-0.21,-0.13
705,6,-1.13,-0.28
705,7,-0.98,-0.4
706,1,nan,-0.18
706,2,0.3,-0.22
706,3,0.08,-0.12
706,4,-0.93,-0.22
706,5,-0.49,-0.27
706,6,-1.07,-0.25
706,7,-0.76,-0.15
707,1,nan,-0.18
707,2,-0.73,-0.24
707,3,-0.3,-0.22
707,4,-0.52,-0.25
707,5,1.35,0.2
707,6,0.69,-0.15
707,7,0.73,-0.31
708,1,nan,nan
708,2,0.0,-0.71
708,3,0.38,-0.54
708,4,0.4,-0.71
708,5,0.53,0.13
708,6,0.73,0.5
708,7,0.43,-0.46
709,1,nan,nan
709,2,-1.41,-0.74
709,3,-0.06,-1.19
709,4,-0.03,-1.65
709,5,-0.12,-1.45
709,6,0.38,-1.0
709,7,0.73,-1.02
710,1,nan,nan
710,2,-1.26,-0.26
710,3,-1.01,-0.29
710,4,-1.11,-0.39
710,5,-1.09,-0.47
710,6,-0.77,-0.63
710,7,-0.67,-0.58
711,1,nan,nan
711,2,-0.83,-0.25
711,3,-0.94,-0.3
711,4,-0.67,-0.38
711,5,-0.9,-0.45
711,6,-1.19,-0.61
711,7,-0.89,-0.62
712,1,nan,nan
712,2,-0.71,-1.0
712,3,-0.18,-0.76
712,4,-0.84,-1.97
712,5,-0.71,-1.05
712,6,-0.82,-1.2
712,7,-0.73,-1.36
713,1,nan,nan
713,2,1.31,0.17
713,3,-0.76,-1.0
713,4,2.11,-0.1
713,5,2.65,0.09
713,6,-0.48,-0.04
713,7,-1.61,-0.03
714,1,-0.5,nan
714,2,-0.5,nan
714,3,-0.5,0.84
714,4,-0.5,0.29
714,5,-0.5,-0.28
714,6,-0.49,0.78
714,7,-0.49,0.16
715,1,-0.71,nan
715,2,-0.78,-0.58
715,3,-0.93,-0.95
715,4,-0.72,0.51
715,5,-0.73,0.39
715,6,-0.56,0.33
715,7,-0.51,0.58
716,1,-0.58,nan
716,2,-0.58,nan
716,3,-0.58,-0.69
716,4,-0.58,1.03
716,5,-0.59,-0.34
716,6,-0.59,-0.55
716,7,-0.6,-0.48
717,1,-0.58,nan
717,2,-0.58,nan
717,3,-0.58,-0.27
717,4,-0.57,0.68
717,5,-0.58,-0.22
717,6,-0.57,1.97
717,7,-0.57,0.07
718,1,-0.4,nan
718,2,-0.41,nan
718,3,-0.41,-0.18
718,4,-0.41,-0.78
718,5,-0.42,-0.41
718,6,-0.41,-0.35
718,7,-0.42,-0.55
719,1,nan,nan
719,2,nan,nan
719,3,nan,-0.27
719,4,3.27,-0.32
719,5,3.24,-0.17
719,6,0.97,0.06
719,7,9.13,1.41
720,1,nan,nan
720,2,-0.57,-0.23
720,3,-0.27,-0.27
720,4,-1.04,-0.44
720,5,-0.43,-0.23
720,6,-0.36,-0.08
720,7,-0.23,-0.03
721,1,nan,nan
721,2,nan,-0.4
721,3,-0.72,-0.41
721,4,-0.63,0.03
721,5,4.68,3.32
721,6,129.0,23.91
721,7,92.42,25.48
722,1,-0.58,nan
722,2,-0.58,nan
722,3,-0.59,-0.51
722,4,-0.58,-0.54
722,5,-0.59,-0.68
722,6,-0.59,-0.53
722,7,-0.58,-0.58
723,1,nan,nan
723,2,-0.32,-0.26
723,3,-1.24,-0.95
723,4,0.04,0.32
723,5,-0.75,-0.67
723,6,-1.67,-0.66
723,7,0.03,0.36
724,1,-0.58,nan
724,2,-0.59,-0.5
724,3,-0.41,2.58
724,4,-0.56,0.34
724,5,-0.65,-0.25
724,6,-0.66,-0.34
724,7,-0.62,-0.37
725,1,nan,nan
725,2,-0.6,-0.39
725,3,-1.4,-0.48
725,4,-0.74,-0.44
725,5,-1.38,-0.68
725,6,-0.51,0.01
725,7,-0.48,-0.0
726,1,-0.41,nan
726,2,-0.32,-0.14
726,3,-0.46,-0.29
726,4,-0.41,-0.37
726,5,-0.41,-0.44
726,6,-0.4,-0.53
726,7,-0.4,-0.51
727,1,nan,nan
727,2,nan,nan
727,3,-0.51,-0.51
727,4,-0.62,-0.65
727,5,-0.49,-0.67
727,6,-0.12,-0.29
727,7,-0.47,-0.58
